recordid,datasource,firstinitial,firstname,middlename,lastname,dayofbirth,monthofbirth,yearofbirth,streetname,streetnumber,streettype,city,region,postalcode,unitnumber,address1,taxid,socialinsurancenumber,voterid,gender,trumatch_confidence
record_1,a,match,match,match,,match,match,match,match,match,match,,match,match,match,,nomatch,nomatch,nomatch,match,0.553762154
record_1,b,match,match,match,match,match,missing,missing,match,match,match,match,match,match,match,match,match,nomatch,match,match,0.568360749
record_1,c,match,match,match,match,match,match,match,match,match,match,match,nomatch,nomatch,missing,match,match,match,match,missing,0.50104972
record_1,d,nomatch,match,match,nomatch,match,match,nomatch,match,match,match,match,nomatch,nomatch,match,nomatch,missing,match,nomatch,nomatch,0.808702459
record_1,e,match,nomatch,match,match,nomatch,match,nomatch,match,nomatch,match,match,nomatch,match,match,nomatch,nomatch,match,nomatch,match,0.536946145
record_1,f,nomatch,match,nomatch,match,nomatch,match,match,match,nomatch,nomatch,match,nomatch,match,missing,nomatch,match,match,match,missing,0.65514082
record_1,g,nomatch,matcha,matcha,match,nomatch,,,,matcha,matcha,matcha,nomatch,,,match,match,matcha,match,matcha,0.519453164
record_1,h,match,missing,nomatch,missing,nomatch,match,nomatch,nomatch,nomatch,match,match,nomatch,match,nomatch,match,match,match,missing,nomatch,0.777686189
record_10,a,match,missing,nomatch,match,match,match,match,match,nomatch,match,match,match,missing,nomatch,nomatch,nomatch,nomatch,,match,0.673503652
record_10,b,match,match,match,missing,nomatch,missing,missing,match,nomatch,match,match,match,missing,match,match,missing,match,match,match,0.584603194
record_10,c,nomatch,nomatch,match,match,match,match,match,match,match,match,missing,match,match,match,missing,match,,missing,missing,0.638498645
record_10,d,match,match,match,match,nomatch,match,match,match,match,nomatch,match,match,match,match,match,,match,match,match,0.624256635
record_10,e,nomatch,match,match,nomatch,nomatch,nomatch,match,nomatch,nomatch,match,missing,match,nomatch,nomatch,missing,match,match,missing,missing,0.546343961
record_10,f,nomatch,match,match,match,match,match,nomatch,match,match,nomatch,missing,match,match,nomatch,missing,match,missing,missing,missing,0.530683022
record_10,g,,nomatch,match,,,,matcha,nomatch,match,,nomatch,,match,matcha,nomatch,matcha,match,matcha,,0.454173017
record_10,h,nomatch,missing,match,nomatch,match,nomatch,missing,missing,match,nomatch,match,match,nomatch,match,match,match,missing,match,missing,0.698502573
record_100,a,match,match,match,match,match,match,match,match,match,nomatch,nomatch,nomatch,match,match,match,nomatch,nomatch,nomatch,match,0.571178535
record_100,b,match,match,match,match,match,match,match,match,nomatch,missing,match,missing,match,match,match,match,missing,match,missing,0.639007314
record_100,c,nomatch,missing,nomatch,nomatch,match,match,missing,missing,match,match,nomatch,missing,nomatch,match,match,match,match,missing,nomatch,0.663579269
record_100,d,match,match,match,match,nomatch,nomatch,nomatch,nomatch,match,match,match,nomatch,match,nomatch,match,nomatch,match,match,match,0.542479929
record_100,e,match,missing,nomatch,match,nomatch,match,missing,match,nomatch,nomatch,nomatch,missing,match,match,match,match,match,missing,match,0.654598255
record_100,f,match,missing,nomatch,match,nomatch,match,missing,missing,nomatch,match,match,missing,nomatch,nomatch,nomatch,nomatch,match,missing,match,0.75246488
record_100,g,nomatch,,,matcha,matcha,matcha,nomatch,,,match,match,match,,,matcha,matcha,matcha,matcha,,0.704322803
record_100,h,missing,match,nomatch,nomatch,nomatch,nomatch,nomatch,missing,missing,match,nomatch,match,missing,match,missing,match,missing,nomatch,nomatch,0.612106027
record_1000,a,match,missing,match,match,nomatch,match,missing,,match,nomatch,match,match,match,match,nomatch,nomatch,missing,,match,0.602531633
record_1000,b,match,match,match,nomatch,nomatch,match,missing,missing,missing,nomatch,missing,match,match,match,nomatch,match,match,match,match,0.521149808
record_1000,c,nomatch,match,match,match,missing,match,match,nomatch,match,match,match,match,match,nomatch,match,match,match,missing,match,0.470815776
record_1000,d,match,nomatch,nomatch,match,match,nomatch,match,match,match,match,match,match,match,match,nomatch,nomatch,nomatch,match,match,0.745596646
record_1000,e,match,nomatch,match,nomatch,match,nomatch,match,match,match,nomatch,nomatch,nomatch,nomatch,match,match,nomatch,nomatch,match,nomatch,0.692753253
record_1000,f,match,match,nomatch,nomatch,missing,match,nomatch,nomatch,nomatch,match,nomatch,match,nomatch,match,nomatch,match,match,missing,nomatch,0.636314019
record_1000,g,nomatch,match,nomatch,,match,nomatch,nomatch,match,,nomatch,nomatch,matcha,,,match,nomatch,match,matcha,,0.788505079
record_1000,h,missing,missing,missing,nomatch,match,missing,missing,match,match,missing,nomatch,nomatch,nomatch,nomatch,missing,match,missing,match,missing,0.682060501
record_101,a,match,nomatch,missing,match,nomatch,match,match,,match,nomatch,match,match,,match,missing,,nomatch,nomatch,nomatch,0.754289028
record_101,b,match,nomatch,missing,match,missing,match,match,match,match,match,match,missing,match,missing,match,match,missing,nomatch,missing,0.555095671
record_101,c,nomatch,match,match,match,match,,match,nomatch,match,match,nomatch,missing,match,missing,match,match,match,nomatch,match,0.5363636
record_101,d,nomatch,match,match,match,match,match,match,match,match,nomatch,match,match,nomatch,match,match,match,match,match,match,0.546899109
record_101,e,nomatch,match,match,match,match,,match,nomatch,match,nomatch,match,missing,match,match,nomatch,nomatch,nomatch,nomatch,match,0.560247428
record_101,f,match,nomatch,nomatch,match,nomatch,missing,match,match,match,nomatch,nomatch,missing,nomatch,missing,nomatch,nomatch,nomatch,nomatch,nomatch,0.559253254
record_101,g,matcha,match,match,matcha,match,nomatch,,match,,match,nomatch,nomatch,nomatch,nomatch,match,match,match,matcha,nomatch,0.516407676
record_101,h,missing,match,nomatch,match,match,missing,missing,match,nomatch,match,nomatch,match,match,missing,missing,match,match,nomatch,missing,0.552010972
record_102,a,match,match,nomatch,nomatch,,match,match,match,match,match,match,match,match,match,nomatch,missing,,nomatch,nomatch,0.588204336
record_102,b,missing,missing,match,match,match,match,match,match,nomatch,match,match,match,missing,match,match,match,match,missing,match,0.58323435
record_102,c,match,nomatch,nomatch,match,match,match,match,nomatch,match,match,match,missing,nomatch,missing,match,match,missing,match,match,0.674666572
record_102,d,match,nomatch,nomatch,match,nomatch,match,match,match,match,match,nomatch,match,match,match,match,nomatch,match,match,nomatch,0.620807524
record_102,e,nomatch,match,match,match,match,nomatch,match,match,nomatch,nomatch,nomatch,match,match,missing,match,match,match,nomatch,match,0.723340148
record_102,f,nomatch,nomatch,nomatch,match,match,match,match,nomatch,match,match,nomatch,missing,match,missing,match,nomatch,missing,nomatch,match,0.727672398
record_102,g,,nomatch,nomatch,nomatch,match,,matcha,matcha,,nomatch,,nomatch,matcha,,match,match,match,matcha,match,0.739069523
record_102,h,missing,match,match,match,missing,match,missing,match,nomatch,nomatch,nomatch,nomatch,missing,missing,match,nomatch,,nomatch,match,0.709815986
record_103,a,match,match,match,match,match,match,match,nomatch,match,match,nomatch,match,match,match,nomatch,nomatch,match,nomatch,match,0.543173077
record_103,b,match,match,match,match,match,match,,match,missing,match,,,match,missing,nomatch,missing,match,match,missing,0.502512667
record_103,c,nomatch,match,match,match,nomatch,match,match,match,missing,match,nomatch,match,nomatch,match,match,match,match,match,match,0.675333413
record_103,d,match,match,match,match,nomatch,match,match,match,match,match,match,match,match,match,nomatch,match,match,match,,0.581320867
record_103,e,nomatch,nomatch,nomatch,match,match,nomatch,match,nomatch,match,match,match,match,nomatch,nomatch,nomatch,match,match,nomatch,nomatch,0.397806917
record_103,f,match,match,nomatch,match,match,match,nomatch,match,missing,match,match,match,nomatch,match,nomatch,nomatch,nomatch,match,match,0.477187746
record_103,g,,matcha,matcha,matcha,nomatch,nomatch,,matcha,nomatch,nomatch,match,,nomatch,,nomatch,nomatch,,matcha,matcha,0.775956543
record_103,h,nomatch,match,nomatch,missing,match,match,missing,missing,missing,nomatch,nomatch,nomatch,nomatch,missing,match,nomatch,match,match,missing,0.500797611
record_104,a,match,match,match,,match,match,missing,match,,match,match,match,nomatch,match,match,missing,nomatch,missing,match,0.526298832
record_104,b,match,match,match,match,match,match,match,match,nomatch,missing,match,missing,missing,missing,match,missing,match,match,match,0.53717019
record_104,c,missing,match,match,match,match,match,match,match,missing,missing,match,nomatch,match,match,match,match,match,match,match,0.562864214
record_104,d,nomatch,match,nomatch,nomatch,nomatch,match,match,match,nomatch,match,match,match,match,nomatch,nomatch,match,match,match,match,0.32599411
record_104,e,missing,nomatch,nomatch,match,match,match,nomatch,nomatch,match,missing,nomatch,nomatch,nomatch,nomatch,nomatch,nomatch,nomatch,match,match,0.619357905
record_104,f,missing,match,match,nomatch,nomatch,nomatch,nomatch,nomatch,missing,missing,match,nomatch,nomatch,nomatch,nomatch,nomatch,nomatch,match,nomatch,0.384121287
record_104,g,,,,matcha,,,match,,match,matcha,matcha,,match,,nomatch,match,match,match,,0.74937722
record_104,h,nomatch,missing,nomatch,match,match,nomatch,missing,match,match,nomatch,missing,match,nomatch,nomatch,match,missing,match,nomatch,missing,0.679256135
record_105,a,match,,match,match,missing,match,match,match,,match,match,match,missing,match,nomatch,nomatch,,nomatch,match,0.365983569
record_105,b,match,match,match,match,match,match,match,missing,nomatch,match,match,match,match,,match,match,match,missing,match,0.639984763
record_105,c,match,match,match,missing,match,match,match,match,missing,missing,match,missing,match,match,match,match,,nomatch,match,0.509487484
record_105,d,missing,match,nomatch,match,nomatch,match,nomatch,nomatch,match,nomatch,match,match,match,match,match,nomatch,match,match,match,0.596180943
record_105,e,match,nomatch,nomatch,match,nomatch,match,nomatch,match,missing,match,match,match,nomatch,nomatch,nomatch,match,,nomatch,match,0.683977462
record_105,f,nomatch,match,match,missing,match,nomatch,nomatch,nomatch,missing,missing,match,missing,match,match,match,match,missing,match,match,0.550868408
record_105,g,nomatch,nomatch,,,match,,,matcha,match,nomatch,,nomatch,matcha,,match,match,matcha,matcha,matcha,0.589008849
record_105,h,missing,match,missing,match,missing,match,nomatch,nomatch,,nomatch,missing,missing,missing,nomatch,nomatch,match,missing,nomatch,match,0.632055806
record_106,a,match,match,match,match,match,match,nomatch,nomatch,match,match,nomatch,match,match,match,nomatch,nomatch,nomatch,nomatch,match,0.687799509
record_106,b,match,missing,match,nomatch,missing,,match,match,nomatch,match,match,match,match,,match,match,,match,missing,0.497563611
record_106,c,match,nomatch,match,nomatch,match,match,match,match,match,match,match,match,match,match,match,match,nomatch,match,match,0.514424103
record_106,d,match,match,nomatch,match,match,match,nomatch,nomatch,,match,nomatch,match,match,match,nomatch,match,match,nomatch,nomatch,0.689112834
record_106,e,nomatch,nomatch,nomatch,match,match,match,match,match,nomatch,nomatch,match,nomatch,nomatch,nomatch,match,nomatch,nomatch,match,match,0.596346795
record_106,f,match,nomatch,nomatch,nomatch,match,match,match,nomatch,match,nomatch,match,match,match,nomatch,match,match,match,nomatch,match,0.585006794
record_106,g,nomatch,,,,,,match,match,,nomatch,match,,,nomatch,matcha,matcha,match,matcha,,0.622451276
record_106,h,nomatch,match,match,nomatch,match,nomatch,missing,match,missing,nomatch,match,nomatch,nomatch,nomatch,match,missing,match,nomatch,nomatch,0.667803728
record_107,a,match,match,nomatch,,match,match,match,match,match,,missing,match,match,match,match,,nomatch,nomatch,match,0.621176383
record_107,b,missing,match,match,match,missing,missing,missing,match,nomatch,match,missing,match,match,match,missing,match,match,match,match,0.571089119
record_107,c,nomatch,match,nomatch,match,match,match,match,match,match,missing,match,nomatch,match,nomatch,nomatch,match,match,match,match,0.595626294
record_107,d,match,match,match,match,match,match,match,match,nomatch,nomatch,nomatch,nomatch,match,match,nomatch,nomatch,match,match,match,0.649757732
record_107,e,nomatch,match,match,match,match,nomatch,match,match,match,missing,nomatch,nomatch,match,match,nomatch,nomatch,match,match,match,0.740412894
record_107,f,nomatch,match,nomatch,match,nomatch,match,match,match,nomatch,missing,nomatch,nomatch,match,nomatch,match,match,nomatch,match,nomatch,0.573047488
record_107,g,matcha,matcha,match,match,,nomatch,,matcha,nomatch,match,nomatch,nomatch,nomatch,matcha,,match,match,match,nomatch,0.522213347
record_107,h,nomatch,nomatch,nomatch,match,nomatch,nomatch,match,nomatch,nomatch,,missing,nomatch,nomatch,missing,missing,match,match,match,missing,0.564586509
record_108,a,match,match,match,match,match,missing,,nomatch,match,match,match,match,match,nomatch,match,nomatch,nomatch,nomatch,match,0.60356283
record_108,b,match,match,,missing,match,match,match,match,nomatch,match,match,match,,match,match,match,missing,match,match,0.671507528
record_108,c,match,match,match,nomatch,match,missing,match,match,match,match,match,match,match,match,match,match,match,match,nomatch,0.589472048
record_108,d,nomatch,match,match,match,nomatch,match,match,match,match,match,nomatch,match,missing,match,match,match,nomatch,match,nomatch,0.514432923
record_108,e,nomatch,nomatch,match,match,match,match,match,nomatch,nomatch,match,nomatch,nomatch,match,nomatch,nomatch,nomatch,match,nomatch,nomatch,0.491328746
record_108,f,nomatch,nomatch,nomatch,match,match,missing,nomatch,nomatch,nomatch,match,nomatch,match,nomatch,match,nomatch,nomatch,match,nomatch,nomatch,0.625715295
record_108,g,,,nomatch,matcha,,match,nomatch,match,,matcha,,,nomatch,nomatch,nomatch,match,match,match,nomatch,0.720043833
record_108,h,nomatch,missing,nomatch,match,match,nomatch,match,nomatch,match,nomatch,nomatch,nomatch,match,match,missing,match,missing,missing,nomatch,0.714996867
record_109,a,match,nomatch,match,nomatch,match,match,match,match,match,match,match,nomatch,match,match,missing,missing,nomatch,nomatch,match,0.642785784
record_109,b,nomatch,match,match,match,match,match,match,match,nomatch,match,match,missing,match,match,,nomatch,match,match,match,0.573270847
record_109,c,match,missing,match,match,,missing,match,nomatch,missing,match,match,match,match,match,match,match,match,match,nomatch,0.65649042
record_109,d,match,match,match,nomatch,nomatch,missing,match,missing,match,match,match,match,nomatch,match,match,nomatch,match,match,nomatch,0.790948767
record_109,e,match,missing,nomatch,match,,missing,match,match,missing,nomatch,nomatch,match,nomatch,nomatch,match,nomatch,nomatch,nomatch,nomatch,0.499081969
record_109,f,nomatch,missing,match,match,missing,missing,nomatch,match,missing,nomatch,nomatch,match,match,nomatch,nomatch,nomatch,nomatch,nomatch,match,0.6155639
record_109,g,,matcha,nomatch,match,,nomatch,matcha,matcha,nomatch,matcha,nomatch,match,nomatch,,match,match,match,nomatch,,0.636212043
record_109,h,missing,missing,nomatch,match,missing,missing,nomatch,missing,nomatch,missing,match,missing,nomatch,nomatch,missing,nomatch,match,nomatch,missing,0.607434518
record_11,a,match,match,match,match,match,nomatch,match,match,match,match,match,missing,match,match,match,nomatch,nomatch,nomatch,match,0.586480791
record_11,b,match,match,missing,missing,match,match,match,missing,missing,match,match,missing,match,match,,missing,match,match,match,0.639268602
record_11,c,missing,nomatch,nomatch,match,match,match,,match,missing,nomatch,nomatch,match,match,missing,nomatch,match,,match,match,0.594627307
record_11,d,match,match,match,missing,nomatch,match,nomatch,match,match,nomatch,,match,match,match,match,match,match,match,match,0.577489985
record_11,e,match,nomatch,nomatch,match,nomatch,match,match,nomatch,missing,match,nomatch,match,nomatch,missing,match,match,match,match,nomatch,0.583082828
record_11,f,missing,nomatch,match,nomatch,nomatch,match,missing,nomatch,missing,match,match,match,nomatch,missing,nomatch,match,,match,nomatch,0.47262668
record_11,g,matcha,matcha,nomatch,matcha,matcha,match,nomatch,matcha,nomatch,,matcha,match,nomatch,,matcha,matcha,match,match,,0.535736684
record_11,h,nomatch,match,match,missing,missing,match,missing,nomatch,nomatch,nomatch,nomatch,nomatch,nomatch,missing,missing,missing,missing,match,nomatch,0.584374732
record_110,a,match,match,match,match,match,match,match,match,match,match,match,match,missing,match,,missing,missing,,match,0.701189836
record_110,b,match,missing,match,missing,match,match,match,match,nomatch,match,match,match,nomatch,match,nomatch,match,match,match,missing,0.627778722
record_110,c,nomatch,match,match,match,match,match,match,match,match,match,match,match,match,match,match,match,,match,match,0.540896963
record_110,d,missing,match,match,match,nomatch,nomatch,missing,nomatch,nomatch,match,match,match,missing,nomatch,nomatch,nomatch,match,match,nomatch,0.343086236
record_110,e,match,nomatch,match,nomatch,nomatch,nomatch,nomatch,nomatch,match,match,nomatch,nomatch,nomatch,match,match,nomatch,match,match,match,0.464823535
record_110,f,match,match,match,nomatch,match,match,nomatch,match,nomatch,nomatch,match,match,nomatch,match,match,match,missing,match,match,0.819704179
record_110,g,,nomatch,matcha,,nomatch,,,matcha,matcha,nomatch,,,nomatch,,matcha,match,nomatch,match,,0.52015005
record_110,h,missing,missing,missing,missing,missing,match,nomatch,missing,nomatch,match,missing,nomatch,nomatch,nomatch,match,missing,nomatch,match,nomatch,0.271746484
record_111,a,match,match,match,nomatch,match,,match,match,match,match,match,match,match,match,match,nomatch,missing,nomatch,match,0.688461626
record_111,b,match,match,match,match,match,match,,match,missing,match,,missing,match,match,match,match,match,match,match,0.487972361
record_111,c,nomatch,nomatch,match,match,,match,match,match,missing,match,match,match,match,match,missing,match,match,match,match,0.566027631
record_111,d,match,nomatch,match,match,match,match,nomatch,match,match,match,match,match,nomatch,match,nomatch,nomatch,match,match,match,0.518850545
record_111,e,nomatch,nomatch,match,nomatch,match,nomatch,match,nomatch,missing,match,match,nomatch,match,nomatch,match,nomatch,match,match,nomatch,0.557444478
record_111,f,nomatch,nomatch,nomatch,match,missing,match,match,nomatch,missing,match,nomatch,nomatch,nomatch,match,missing,match,nomatch,nomatch,match,0.543755971
record_111,g,,,matcha,matcha,,match,nomatch,matcha,matcha,nomatch,,,nomatch,,nomatch,match,nomatch,match,,0.695252151
record_111,h,nomatch,nomatch,match,nomatch,missing,match,nomatch,missing,match,missing,missing,match,missing,nomatch,nomatch,missing,missing,missing,nomatch,0.66233123
record_112,a,match,nomatch,match,match,nomatch,match,nomatch,missing,match,match,nomatch,match,match,match,missing,missing,nomatch,nomatch,nomatch,0.602060152
record_112,b,match,missing,match,match,match,match,missing,match,nomatch,match,match,match,missing,match,match,match,match,match,match,0.628687743
record_112,c,match,nomatch,match,match,match,match,match,match,match,match,match,missing,match,nomatch,missing,match,match,missing,match,0.487952068
record_112,d,nomatch,match,nomatch,match,nomatch,match,nomatch,match,match,match,match,match,match,match,match,missing,match,match,match,0.813089778
record_112,e,nomatch,match,match,match,nomatch,nomatch,match,nomatch,match,nomatch,nomatch,missing,match,match,missing,nomatch,match,missing,nomatch,0.738995448
record_112,f,nomatch,match,nomatch,match,nomatch,nomatch,match,nomatch,nomatch,match,nomatch,missing,nomatch,nomatch,missing,nomatch,nomatch,missing,match,0.52580795
record_112,g,nomatch,matcha,,,nomatch,nomatch,match,nomatch,,,nomatch,,,nomatch,match,nomatch,matcha,match,nomatch,0.640232738
record_112,h,match,match,missing,match,missing,match,match,missing,nomatch,nomatch,match,nomatch,missing,nomatch,missing,nomatch,match,match,match,0.684676339
record_113,a,match,match,match,match,match,match,match,match,match,match,match,match,,match,nomatch,nomatch,nomatch,nomatch,match,0.652552983
record_113,b,match,match,missing,match,match,match,match,match,nomatch,match,match,missing,match,match,match,missing,match,match,match,0.671940315
record_113,c,match,match,match,nomatch,match,match,match,match,match,nomatch,match,match,nomatch,missing,match,,match,match,match,0.600736567
record_113,d,match,match,nomatch,match,match,nomatch,match,match,match,match,match,nomatch,match,nomatch,nomatch,match,match,match,match,0.640578963
record_113,e,nomatch,match,match,nomatch,nomatch,nomatch,match,nomatch,match,nomatch,nomatch,match,nomatch,missing,match,,nomatch,nomatch,match,0.597446453
record_113,f,match,match,match,match,nomatch,nomatch,match,match,nomatch,match,nomatch,match,nomatch,missing,match,missing,match,match,nomatch,0.565585079
record_113,g,nomatch,,nomatch,,nomatch,,,,,,,,match,matcha,match,nomatch,matcha,nomatch,,0.451546988
record_113,h,nomatch,nomatch,match,missing,nomatch,nomatch,missing,missing,nomatch,match,nomatch,missing,,missing,match,match,missing,nomatch,nomatch,0.543804575
record_114,a,match,match,nomatch,,match,nomatch,match,match,match,nomatch,,match,match,match,nomatch,nomatch,missing,nomatch,match,0.618673743
record_114,b,match,missing,match,match,match,match,match,match,nomatch,match,match,match,match,match,match,match,missing,match,match,0.669044741
record_114,c,match,nomatch,nomatch,match,missing,match,match,nomatch,match,match,match,match,match,nomatch,match,,match,match,match,0.456998254
record_114,d,match,nomatch,match,match,match,nomatch,nomatch,match,match,nomatch,match,match,match,match,match,match,match,match,nomatch,0.606413223
record_114,e,match,match,nomatch,nomatch,match,nomatch,match,nomatch,match,match,nomatch,match,match,match,nomatch,,nomatch,match,nomatch,0.636071605
record_114,f,nomatch,match,match,nomatch,missing,match,match,match,match,match,nomatch,nomatch,match,nomatch,nomatch,missing,nomatch,nomatch,nomatch,0.691687132
record_114,g,nomatch,matcha,match,match,,nomatch,nomatch,,matcha,matcha,match,matcha,,,match,match,match,matcha,nomatch,0.56934184
record_114,h,nomatch,nomatch,missing,,missing,missing,match,match,match,match,missing,nomatch,nomatch,missing,nomatch,match,nomatch,match,missing,0.709524424
record_115,a,missing,match,match,match,nomatch,match,nomatch,match,nomatch,match,match,nomatch,match,nomatch,match,missing,nomatch,,match,0.562216422
record_115,b,match,nomatch,match,match,match,match,nomatch,match,,missing,missing,match,match,match,match,match,missing,match,match,0.739763895
record_115,c,match,match,match,nomatch,match,match,match,match,match,missing,match,match,match,match,match,match,match,match,match,0.58757793
record_115,d,match,nomatch,match,match,match,match,match,nomatch,match,nomatch,match,match,match,match,match,match,match,nomatch,match,0.791170952
record_115,e,match,nomatch,match,nomatch,nomatch,nomatch,match,nomatch,match,missing,nomatch,nomatch,match,match,nomatch,nomatch,match,match,nomatch,0.539042185
record_115,f,match,nomatch,nomatch,nomatch,nomatch,match,match,nomatch,nomatch,missing,nomatch,nomatch,match,nomatch,match,match,match,match,match,0.484347807
record_115,g,match,,,nomatch,match,matcha,matcha,nomatch,matcha,,,match,matcha,match,,match,nomatch,match,matcha,0.641020816
record_115,h,nomatch,missing,missing,nomatch,missing,match,nomatch,nomatch,missing,nomatch,nomatch,match,nomatch,missing,nomatch,missing,missing,,match,0.702196435
record_116,a,match,match,match,match,,nomatch,nomatch,missing,match,match,missing,match,,match,nomatch,match,nomatch,nomatch,match,0.731619299
record_116,b,match,match,match,missing,match,match,match,match,missing,match,match,missing,missing,match,missing,match,match,match,match,0.607732795
record_116,c,missing,match,match,match,match,match,match,missing,match,match,missing,nomatch,nomatch,match,match,match,match,match,nomatch,0.637064086
record_116,d,match,match,match,match,match,match,match,nomatch,match,match,match,match,match,match,match,missing,match,match,match,0.614097162
record_116,e,match,nomatch,match,match,match,nomatch,match,match,match,match,match,nomatch,match,match,nomatch,match,nomatch,nomatch,nomatch,0.788742919
record_116,f,missing,match,match,nomatch,nomatch,nomatch,nomatch,missing,match,nomatch,missing,nomatch,nomatch,match,nomatch,match,match,nomatch,nomatch,0.671385622
record_116,g,,,nomatch,matcha,matcha,matcha,nomatch,matcha,,nomatch,match,nomatch,matcha,matcha,match,matcha,matcha,matcha,,0.583369365
record_116,h,nomatch,nomatch,missing,match,match,nomatch,nomatch,missing,missing,nomatch,nomatch,nomatch,,match,match,match,missing,match,nomatch,0.649200301
record_117,a,match,match,match,nomatch,match,match,nomatch,match,nomatch,nomatch,match,match,missing,match,,nomatch,nomatch,nomatch,match,0.669986268
record_117,b,missing,match,match,match,match,match,match,missing,nomatch,match,missing,match,match,match,match,match,missing,match,match,0.498839283
record_117,c,match,match,match,match,match,match,match,match,match,nomatch,match,match,nomatch,nomatch,match,match,match,match,nomatch,0.543273841
record_117,d,nomatch,nomatch,match,match,missing,match,match,match,match,missing,match,nomatch,match,match,match,match,match,match,nomatch,0.634693268
record_117,e,match,nomatch,match,nomatch,nomatch,nomatch,nomatch,nomatch,nomatch,nomatch,match,nomatch,match,nomatch,nomatch,match,nomatch,nomatch,match,0.555186331
record_117,f,match,match,match,match,nomatch,match,match,match,match,nomatch,match,match,match,match,match,nomatch,nomatch,nomatch,nomatch,0.497497307
record_117,g,matcha,,nomatch,matcha,matcha,,match,matcha,nomatch,nomatch,,,matcha,,match,nomatch,match,match,matcha,0.542458688
record_117,h,nomatch,nomatch,missing,nomatch,nomatch,nomatch,match,match,missing,nomatch,match,nomatch,missing,nomatch,match,missing,nomatch,missing,match,0.817479502
record_118,a,match,,match,nomatch,match,nomatch,match,match,match,match,match,match,match,missing,match,missing,nomatch,nomatch,match,0.53494826
record_118,b,match,missing,missing,match,match,match,,missing,nomatch,match,missing,match,match,match,,match,missing,match,missing,0.519255715
record_118,c,match,match,match,match,match,match,match,missing,match,match,missing,nomatch,match,match,match,match,match,match,match,0.610464721
record_118,d,match,missing,match,match,match,nomatch,nomatch,nomatch,nomatch,match,nomatch,match,nomatch,match,missing,match,match,match,match,0.513621922
record_118,e,match,match,match,nomatch,nomatch,nomatch,match,missing,match,nomatch,missing,nomatch,match,nomatch,match,match,match,match,nomatch,0.618062344
record_118,f,nomatch,match,nomatch,nomatch,nomatch,match,nomatch,missing,match,match,missing,nomatch,match,nomatch,nomatch,match,nomatch,nomatch,nomatch,0.672926499
record_118,g,nomatch,nomatch,nomatch,match,nomatch,match,,nomatch,,matcha,matcha,,nomatch,nomatch,matcha,matcha,matcha,nomatch,,0.533374085
record_118,h,match,match,match,missing,nomatch,match,nomatch,nomatch,match,match,nomatch,match,match,nomatch,match,missing,missing,missing,nomatch,0.595993223
record_119,a,match,match,match,,nomatch,nomatch,match,match,missing,match,match,match,match,match,nomatch,nomatch,nomatch,missing,match,0.521999571
record_119,b,match,match,match,nomatch,missing,match,match,match,,match,match,match,match,match,nomatch,missing,missing,match,match,0.516147413
record_119,c,match,match,match,match,match,nomatch,match,nomatch,match,nomatch,match,match,match,match,nomatch,match,match,match,match,0.613714494
record_119,d,match,nomatch,match,match,match,match,match,match,match,match,match,nomatch,match,nomatch,nomatch,nomatch,match,match,match,0.665270033
record_119,e,nomatch,match,nomatch,match,match,nomatch,nomatch,nomatch,match,match,match,match,match,nomatch,match,nomatch,match,match,match,0.683625209
record_119,f,nomatch,nomatch,nomatch,nomatch,nomatch,match,nomatch,match,match,nomatch,match,match,nomatch,nomatch,nomatch,nomatch,match,nomatch,match,0.63944881
record_119,g,matcha,,,matcha,match,match,matcha,nomatch,match,,matcha,nomatch,nomatch,nomatch,match,match,match,nomatch,,0.512889069
record_119,h,nomatch,nomatch,nomatch,,missing,match,missing,match,missing,nomatch,nomatch,nomatch,nomatch,nomatch,nomatch,nomatch,missing,missing,missing,0.457622195
record_12,a,nomatch,nomatch,match,missing,match,match,match,match,nomatch,match,match,match,match,missing,match,nomatch,nomatch,,match,0.580255397
record_12,b,match,match,match,match,match,missing,match,match,nomatch,missing,match,match,match,missing,match,match,match,match,match,0.61931811
record_12,c,match,match,match,match,match,match,match,match,match,match,match,match,match,match,match,match,match,match,match,0.571230207
record_12,d,match,match,match,match,match,nomatch,match,match,match,match,,match,match,missing,nomatch,match,nomatch,match,match,0.536155115
record_12,e,match,nomatch,nomatch,match,nomatch,match,match,match,match,nomatch,nomatch,nomatch,match,nomatch,match,match,match,match,nomatch,0.420843698
record_12,f,match,nomatch,match,nomatch,nomatch,match,match,match,match,match,nomatch,nomatch,nomatch,match,match,match,match,match,match,0.523815572
record_12,g,match,nomatch,,match,nomatch,,,matcha,match,,,matcha,matcha,match,,match,match,matcha,nomatch,0.627569814
record_12,h,match,nomatch,missing,nomatch,match,nomatch,missing,missing,match,match,match,nomatch,nomatch,nomatch,missing,nomatch,match,match,match,0.592956818
record_120,a,match,match,match,match,match,match,match,match,match,,match,match,match,match,match,,nomatch,nomatch,match,0.554908457
record_120,b,match,match,missing,match,missing,missing,match,match,nomatch,match,missing,missing,match,match,match,match,match,match,match,0.626691831
record_120,c,match,match,match,match,match,match,match,match,nomatch,match,match,match,match,match,nomatch,match,match,match,match,0.600739589
record_120,d,match,match,match,match,match,nomatch,nomatch,match,nomatch,nomatch,match,nomatch,nomatch,nomatch,match,match,match,match,nomatch,0.44959183
record_120,e,match,match,nomatch,nomatch,nomatch,match,match,nomatch,nomatch,nomatch,match,match,match,nomatch,nomatch,nomatch,match,nomatch,nomatch,0.567973163
record_120,f,match,nomatch,nomatch,match,nomatch,nomatch,nomatch,match,nomatch,nomatch,match,match,match,match,nomatch,nomatch,match,match,match,0.74573063
record_120,g,,nomatch,,,,matcha,nomatch,matcha,,match,matcha,nomatch,matcha,matcha,,nomatch,matcha,matcha,matcha,0.706288699
record_120,h,match,match,nomatch,nomatch,nomatch,missing,nomatch,nomatch,missing,,nomatch,nomatch,nomatch,missing,match,,match,nomatch,match,0.486001571
record_121,a,match,missing,missing,match,match,nomatch,nomatch,match,match,missing,match,match,match,missing,match,nomatch,missing,nomatch,match,0.590224909
record_121,b,missing,match,match,missing,match,missing,match,match,missing,match,missing,match,match,nomatch,match,match,match,match,match,0.732876793
record_121,c,match,nomatch,nomatch,missing,match,match,match,nomatch,match,missing,missing,match,missing,match,nomatch,nomatch,match,match,match,0.677677275
record_121,d,match,match,nomatch,match,match,nomatch,nomatch,nomatch,match,nomatch,nomatch,match,match,nomatch,,nomatch,match,match,nomatch,0.658809726
record_121,e,nomatch,match,match,match,nomatch,nomatch,match,nomatch,match,match,missing,match,match,nomatch,match,match,match,nomatch,match,0.758764509
record_121,f,nomatch,nomatch,match,missing,match,nomatch,match,match,match,missing,missing,nomatch,missing,nomatch,nomatch,match,nomatch,nomatch,match,0.639388043
record_121,g,matcha,match,match,matcha,matcha,nomatch,matcha,,,match,,,matcha,matcha,matcha,match,match,nomatch,nomatch,0.562004313
record_121,h,nomatch,missing,missing,nomatch,nomatch,nomatch,match,missing,match,nomatch,match,missing,nomatch,nomatch,missing,nomatch,nomatch,match,nomatch,0.683901037
record_122,a,nomatch,,match,match,match,match,nomatch,match,match,,match,match,match,match,nomatch,nomatch,match,nomatch,match,0.462052144
record_122,b,match,,nomatch,match,match,match,missing,match,nomatch,missing,match,match,match,match,match,match,match,match,missing,0.404289837
record_122,c,match,match,nomatch,match,match,match,match,match,match,match,match,match,match,match,match,nomatch,match,match,match,0.517655887
record_122,d,match,match,match,nomatch,match,nomatch,,match,nomatch,match,match,nomatch,match,match,match,match,match,match,match,0.689756212
record_122,e,nomatch,match,nomatch,nomatch,nomatch,nomatch,nomatch,match,match,match,nomatch,nomatch,match,match,match,nomatch,match,nomatch,nomatch,0.517358307
record_122,f,match,nomatch,match,match,match,match,nomatch,nomatch,match,nomatch,nomatch,nomatch,nomatch,nomatch,match,nomatch,nomatch,match,nomatch,0.689344838
record_122,g,matcha,matcha,nomatch,matcha,matcha,nomatch,match,,matcha,nomatch,,,nomatch,matcha,nomatch,matcha,nomatch,nomatch,matcha,0.482309048
record_122,h,match,missing,nomatch,nomatch,nomatch,match,missing,nomatch,nomatch,missing,nomatch,nomatch,nomatch,missing,match,missing,nomatch,nomatch,missing,0.651017184
record_123,a,match,missing,match,,match,match,nomatch,match,match,match,match,match,match,match,match,nomatch,nomatch,nomatch,match,0.520376202
record_123,b,match,nomatch,match,match,missing,nomatch,missing,missing,missing,match,match,match,missing,match,match,missing,match,match,match,0.548836825
record_123,c,nomatch,match,match,match,match,match,match,missing,nomatch,match,match,match,match,match,match,match,match,match,match,0.393469409
record_123,d,match,match,match,match,match,match,nomatch,match,nomatch,nomatch,match,match,match,match,match,nomatch,match,nomatch,match,0.607070508
record_123,e,match,nomatch,match,nomatch,match,nomatch,nomatch,match,match,match,nomatch,match,match,nomatch,match,match,match,nomatch,nomatch,0.658319157
record_123,f,nomatch,nomatch,nomatch,match,nomatch,match,nomatch,missing,match,nomatch,match,nomatch,match,nomatch,match,nomatch,match,match,nomatch,0.623300942
record_123,g,nomatch,match,,match,,matcha,nomatch,,nomatch,,matcha,matcha,,nomatch,nomatch,nomatch,match,match,,0.586406766
record_123,h,match,missing,nomatch,,nomatch,match,missing,nomatch,match,match,match,nomatch,nomatch,nomatch,nomatch,match,match,missing,nomatch,0.633397952
record_124,a,match,match,match,match,match,match,nomatch,,match,match,,missing,match,match,match,,match,nomatch,match,0.652548247
record_124,b,match,match,match,match,match,match,match,match,nomatch,missing,match,,match,match,match,,match,match,missing,0.582280241
record_124,c,match,match,nomatch,match,match,match,nomatch,match,match,match,match,match,match,match,match,match,match,match,match,0.714616459
record_124,d,nomatch,nomatch,match,match,match,match,match,match,nomatch,match,nomatch,nomatch,match,match,match,match,match,nomatch,match,0.673310951
record_124,e,nomatch,match,nomatch,nomatch,nomatch,nomatch,nomatch,match,nomatch,match,match,match,match,match,nomatch,nomatch,match,nomatch,match,0.720223081
record_124,f,nomatch,nomatch,match,match,match,match,match,nomatch,match,match,match,match,nomatch,match,match,match,match,match,nomatch,0.648197088
record_124,g,nomatch,,matcha,,,,nomatch,nomatch,nomatch,,match,match,,matcha,,matcha,,match,matcha,0.568545048
record_124,h,match,nomatch,match,nomatch,match,nomatch,nomatch,match,nomatch,missing,,missing,missing,nomatch,match,missing,nomatch,nomatch,nomatch,0.656348918
record_125,a,match,match,match,,match,match,match,match,match,nomatch,match,match,match,match,match,nomatch,nomatch,nomatch,match,0.7294305
record_125,b,nomatch,match,match,match,match,match,match,match,nomatch,missing,match,match,match,match,nomatch,match,match,match,match,0.532189433
record_125,c,match,nomatch,nomatch,nomatch,match,match,match,match,nomatch,match,match,nomatch,match,missing,nomatch,match,match,missing,match,0.49506474
record_125,d,match,match,match,match,match,match,nomatch,match,match,nomatch,match,nomatch,nomatch,match,match,match,match,missing,match,0.689001887
record_125,e,nomatch,nomatch,match,nomatch,match,nomatch,match,nomatch,match,match,nomatch,match,match,match,nomatch,nomatch,match,missing,nomatch,0.649157828
record_125,f,match,match,nomatch,nomatch,nomatch,match,match,match,nomatch,match,nomatch,nomatch,match,missing,nomatch,nomatch,match,missing,match,0.697379127
record_125,g,matcha,nomatch,,nomatch,,matcha,,,,matcha,matcha,nomatch,,nomatch,matcha,match,matcha,matcha,nomatch,0.640826523
record_125,h,nomatch,missing,nomatch,missing,nomatch,missing,match,missing,nomatch,nomatch,nomatch,nomatch,missing,match,missing,match,match,match,nomatch,0.701499853
record_126,a,missing,match,match,match,match,match,match,nomatch,match,match,,match,match,missing,match,match,,nomatch,match,0.54158945
record_126,b,match,match,match,nomatch,match,match,match,match,nomatch,match,match,match,match,match,match,match,missing,match,,0.510431434
record_126,c,match,match,nomatch,nomatch,match,match,match,match,nomatch,match,match,match,match,match,nomatch,match,,match,match,0.555577014
record_126,d,nomatch,match,nomatch,match,missing,match,match,match,match,match,match,match,match,nomatch,match,nomatch,match,match,nomatch,0.609473651
record_126,e,nomatch,nomatch,match,nomatch,match,match,nomatch,nomatch,match,match,match,match,match,match,match,nomatch,match,nomatch,match,0.561180575
record_126,f,match,match,match,nomatch,nomatch,nomatch,nomatch,nomatch,nomatch,nomatch,nomatch,nomatch,match,match,nomatch,nomatch,missing,nomatch,nomatch,0.614066069
record_126,g,match,,nomatch,,,,matcha,matcha,nomatch,,match,,,nomatch,matcha,matcha,match,matcha,,0.514173398
record_126,h,missing,nomatch,missing,nomatch,missing,match,match,match,nomatch,missing,match,nomatch,nomatch,missing,match,match,missing,match,missing,0.564200848
record_127,a,match,match,nomatch,match,match,missing,match,nomatch,match,match,match,match,match,,match,nomatch,missing,nomatch,match,0.489035793
record_127,b,match,match,match,match,match,match,,match,nomatch,match,match,match,missing,missing,nomatch,match,match,match,match,0.897875453
record_127,c,nomatch,match,missing,nomatch,match,match,match,match,nomatch,match,match,match,match,match,nomatch,missing,match,match,match,0.773742749
record_127,d,nomatch,match,match,missing,match,match,match,nomatch,match,match,missing,match,nomatch,match,match,missing,nomatch,match,match,0.574488858
record_127,e,match,nomatch,match,match,nomatch,nomatch,match,match,match,nomatch,match,nomatch,nomatch,match,match,match,nomatch,nomatch,nomatch,0.75008378
record_127,f,nomatch,nomatch,missing,nomatch,nomatch,nomatch,match,nomatch,match,nomatch,nomatch,nomatch,match,match,nomatch,missing,match,match,match,0.61163511
record_127,g,nomatch,nomatch,match,,,match,,match,nomatch,matcha,nomatch,,matcha,match,nomatch,match,matcha,matcha,,0.597268535
record_127,h,nomatch,missing,match,nomatch,nomatch,missing,match,missing,match,nomatch,nomatch,match,match,match,match,missing,nomatch,match,nomatch,0.408944056
record_128,a,match,match,match,match,nomatch,match,match,match,match,match,match,match,match,match,,nomatch,nomatch,nomatch,match,0.590067826
record_128,b,match,match,missing,match,missing,match,missing,missing,nomatch,missing,missing,match,match,missing,match,missing,match,match,,0.580388151
record_128,c,match,missing,nomatch,match,,missing,match,match,match,nomatch,match,match,match,match,match,missing,match,match,match,0.787436901
record_128,d,,match,match,missing,nomatch,missing,match,match,match,nomatch,match,nomatch,nomatch,nomatch,nomatch,nomatch,match,match,match,0.433887809
record_128,e,match,missing,match,nomatch,,missing,nomatch,match,nomatch,nomatch,nomatch,nomatch,nomatch,match,nomatch,missing,nomatch,match,nomatch,0.704066396
record_128,f,nomatch,missing,match,nomatch,missing,missing,nomatch,match,match,nomatch,match,nomatch,nomatch,match,nomatch,missing,match,match,nomatch,0.650561135
record_128,g,,nomatch,nomatch,,nomatch,,,matcha,,,nomatch,,,matcha,nomatch,match,match,match,matcha,0.658150304
record_128,h,nomatch,nomatch,nomatch,match,match,nomatch,match,nomatch,match,nomatch,nomatch,match,nomatch,nomatch,match,match,match,match,nomatch,0.643176485
record_129,a,match,match,match,match,match,nomatch,match,match,match,nomatch,match,nomatch,match,match,match,nomatch,nomatch,nomatch,match,0.69729772
record_129,b,match,match,match,missing,match,match,match,match,nomatch,match,match,match,match,match,nomatch,missing,match,match,missing,0.485814952
record_129,c,match,nomatch,match,missing,match,match,match,match,match,match,match,match,missing,match,match,match,nomatch,match,match,0.587033164
record_129,d,match,match,match,missing,match,match,match,match,nomatch,match,,nomatch,nomatch,nomatch,match,nomatch,missing,nomatch,match,0.416094465
record_129,e,nomatch,match,match,missing,match,nomatch,nomatch,match,match,match,nomatch,match,match,nomatch,match,match,match,match,match,0.614431041
record_129,f,nomatch,nomatch,nomatch,missing,nomatch,match,match,nomatch,nomatch,match,match,nomatch,missing,match,match,match,match,nomatch,nomatch,0.522490121
record_129,g,,,,,,matcha,nomatch,matcha,,match,,matcha,nomatch,nomatch,,match,nomatch,matcha,nomatch,0.702201641
record_129,h,missing,missing,missing,missing,match,match,nomatch,nomatch,nomatch,missing,nomatch,missing,match,nomatch,match,match,match,missing,nomatch,0.682298674
record_13,a,match,match,,match,match,nomatch,match,nomatch,,match,match,match,match,match,match,nomatch,nomatch,nomatch,match,0.576487892
record_13,b,match,match,match,match,match,match,match,missing,nomatch,missing,match,match,match,match,nomatch,match,match,missing,missing,0.542639711
record_13,c,nomatch,match,match,nomatch,match,match,match,match,nomatch,match,match,nomatch,match,match,match,match,match,match,match,0.686013919
record_13,d,nomatch,nomatch,nomatch,match,nomatch,match,match,match,nomatch,match,nomatch,match,match,match,match,nomatch,match,match,match,0.680096357
record_13,e,nomatch,nomatch,match,nomatch,match,match,match,match,nomatch,nomatch,match,match,nomatch,nomatch,nomatch,nomatch,match,nomatch,match,0.535342664
record_13,f,match,nomatch,match,nomatch,match,nomatch,match,match,match,nomatch,nomatch,match,nomatch,nomatch,nomatch,match,nomatch,match,nomatch,0.481136569
record_13,g,,matcha,match,matcha,,match,matcha,match,nomatch,nomatch,matcha,,matcha,,,nomatch,nomatch,match,,0.50208503
record_13,h,missing,nomatch,match,nomatch,nomatch,nomatch,nomatch,match,,match,nomatch,nomatch,nomatch,missing,match,missing,match,missing,missing,0.618690521
record_130,a,match,match,match,nomatch,match,nomatch,match,match,match,match,nomatch,,match,match,match,nomatch,nomatch,nomatch,match,0.713729322
record_130,b,missing,match,match,match,,match,match,missing,nomatch,missing,missing,missing,match,,,match,missing,missing,match,0.664644912
record_130,c,match,match,match,nomatch,match,match,match,nomatch,match,match,match,match,match,match,match,match,missing,match,match,0.506696505
record_130,d,match,match,match,nomatch,match,match,match,match,match,match,missing,match,match,match,match,nomatch,match,nomatch,nomatch,0.642177645
record_130,e,match,match,nomatch,nomatch,nomatch,nomatch,nomatch,nomatch,match,nomatch,nomatch,match,nomatch,nomatch,nomatch,match,match,nomatch,match,0.378476104
record_130,f,nomatch,match,nomatch,nomatch,match,match,nomatch,match,match,nomatch,nomatch,match,nomatch,match,match,match,missing,match,nomatch,0.61731727
record_130,g,matcha,nomatch,nomatch,matcha,matcha,matcha,nomatch,matcha,,,matcha,match,,nomatch,,nomatch,match,matcha,nomatch,0.592242012
record_130,h,nomatch,match,match,match,nomatch,nomatch,missing,nomatch,match,nomatch,missing,match,nomatch,nomatch,nomatch,nomatch,match,missing,nomatch,0.472377759
record_131,a,,match,match,missing,match,nomatch,match,nomatch,match,match,match,match,match,match,match,nomatch,nomatch,match,match,0.523021565
record_131,b,match,missing,match,missing,match,nomatch,missing,match,nomatch,match,match,match,match,match,match,match,missing,missing,match,0.523224388
record_131,c,match,match,match,match,match,match,match,match,match,match,nomatch,missing,match,missing,nomatch,match,match,match,match,0.555545034
record_131,d,match,match,match,match,match,missing,nomatch,match,nomatch,match,match,match,match,match,nomatch,match,match,match,nomatch,0.626430869
record_131,e,nomatch,match,nomatch,match,match,match,nomatch,match,match,match,nomatch,match,match,missing,nomatch,nomatch,nomatch,nomatch,nomatch,0.552052044
record_131,f,nomatch,match,nomatch,nomatch,nomatch,match,match,match,match,match,nomatch,missing,nomatch,missing,match,match,match,match,match,0.531612919
record_131,g,match,matcha,nomatch,match,,match,,nomatch,nomatch,nomatch,matcha,,matcha,nomatch,nomatch,match,matcha,,nomatch,0.436703201
record_131,h,missing,match,nomatch,nomatch,match,match,missing,missing,nomatch,nomatch,missing,missing,nomatch,nomatch,nomatch,missing,nomatch,match,nomatch,0.446185477
record_132,a,match,match,match,match,match,match,match,nomatch,match,match,match,nomatch,match,match,missing,nomatch,,nomatch,match,0.687358628
record_132,b,match,match,missing,match,missing,match,match,match,nomatch,match,match,missing,match,match,match,match,match,match,missing,0.652757441
record_132,c,match,match,match,match,match,match,match,missing,match,match,nomatch,match,nomatch,match,match,match,match,match,match,0.707087016
record_132,d,nomatch,match,match,match,match,match,match,match,match,match,nomatch,match,match,match,match,match,match,match,match,0.699247541
record_132,e,match,match,match,match,nomatch,match,match,match,nomatch,match,nomatch,match,nomatch,nomatch,nomatch,nomatch,nomatch,match,match,0.682352877
record_132,f,match,match,match,nomatch,nomatch,nomatch,match,missing,nomatch,match,nomatch,nomatch,match,match,match,nomatch,nomatch,match,match,0.809728153
record_132,g,,matcha,nomatch,,,matcha,nomatch,nomatch,nomatch,matcha,,matcha,,,match,match,match,nomatch,nomatch,0.757710809
record_132,h,missing,missing,nomatch,nomatch,match,missing,nomatch,missing,nomatch,nomatch,nomatch,nomatch,match,missing,nomatch,nomatch,match,missing,nomatch,0.582373222
record_133,a,,match,match,match,match,match,match,match,match,match,match,match,match,match,match,nomatch,,match,match,0.672393325
record_133,b,match,match,match,nomatch,match,match,match,nomatch,nomatch,match,match,match,match,match,match,nomatch,match,match,match,0.636867371
record_133,c,match,missing,missing,match,match,match,missing,match,nomatch,match,nomatch,match,match,missing,match,match,match,match,nomatch,0.440182334
record_133,d,match,,match,match,nomatch,match,match,nomatch,match,nomatch,match,match,match,nomatch,match,match,match,match,match,0.489988476
record_133,e,nomatch,match,missing,nomatch,match,nomatch,missing,nomatch,nomatch,match,nomatch,nomatch,match,match,nomatch,nomatch,match,nomatch,match,0.642726518
record_133,f,match,missing,missing,nomatch,match,match,missing,nomatch,match,match,match,nomatch,nomatch,missing,match,nomatch,match,nomatch,match,0.543314911
record_133,g,nomatch,nomatch,,,nomatch,,nomatch,matcha,,,matcha,,nomatch,matcha,matcha,match,nomatch,nomatch,nomatch,0.643413407
record_133,h,match,match,nomatch,match,match,missing,nomatch,missing,nomatch,nomatch,missing,nomatch,match,match,nomatch,nomatch,match,missing,nomatch,0.577805083
record_134,a,nomatch,nomatch,match,match,match,match,match,,match,match,match,match,match,match,match,nomatch,nomatch,nomatch,match,0.373308083
record_134,b,missing,match,missing,missing,match,missing,missing,match,nomatch,match,missing,match,missing,match,nomatch,match,match,match,match,0.62394108
record_134,c,match,nomatch,match,match,match,match,match,match,match,nomatch,nomatch,match,nomatch,match,nomatch,match,match,nomatch,match,0.402509102
record_134,d,match,nomatch,match,match,nomatch,nomatch,match,match,match,match,match,match,match,match,match,match,match,match,match,0.748605933
record_134,e,nomatch,nomatch,match,nomatch,nomatch,match,nomatch,nomatch,nomatch,match,nomatch,nomatch,nomatch,match,nomatch,match,nomatch,nomatch,match,0.656899966
record_134,f,nomatch,nomatch,match,match,match,nomatch,nomatch,nomatch,match,match,nomatch,nomatch,nomatch,nomatch,match,nomatch,nomatch,match,nomatch,0.588983152
record_134,g,nomatch,match,,,,,matcha,matcha,,nomatch,matcha,,,nomatch,nomatch,match,matcha,match,matcha,0.388551652
record_134,h,missing,match,nomatch,match,nomatch,nomatch,match,missing,nomatch,nomatch,missing,match,nomatch,missing,nomatch,nomatch,nomatch,missing,nomatch,0.50204285
record_135,a,nomatch,match,nomatch,match,,match,nomatch,match,match,match,nomatch,match,match,match,match,nomatch,nomatch,nomatch,match,0.574852088
record_135,b,match,,match,nomatch,missing,match,missing,match,nomatch,nomatch,nomatch,match,missing,match,match,match,match,match,match,0.500638187
record_135,c,match,match,match,nomatch,match,match,match,match,match,match,nomatch,match,match,match,match,match,,match,match,0.556406744
record_135,d,match,match,nomatch,match,match,nomatch,match,nomatch,match,match,nomatch,match,match,match,nomatch,nomatch,match,nomatch,match,0.510858623
record_135,e,match,nomatch,match,nomatch,match,match,nomatch,nomatch,match,match,nomatch,match,match,match,match,match,match,match,match,0.668872492
record_135,f,match,match,match,match,match,match,match,nomatch,nomatch,match,nomatch,match,nomatch,nomatch,nomatch,match,,match,nomatch,0.673616829
record_135,g,match,,matcha,matcha,nomatch,nomatch,match,,matcha,,match,matcha,matcha,matcha,,matcha,match,matcha,matcha,0.368735895
record_135,h,match,missing,match,nomatch,missing,match,match,nomatch,missing,match,missing,match,missing,match,nomatch,match,match,match,missing,0.754813634
record_136,a,match,match,match,missing,match,missing,match,nomatch,match,match,match,missing,nomatch,missing,match,nomatch,nomatch,nomatch,match,0.634805407
record_136,b,match,match,missing,match,match,match,match,nomatch,nomatch,match,missing,match,missing,nomatch,nomatch,match,match,missing,match,0.615770437
record_136,c,match,match,match,nomatch,nomatch,match,match,match,match,missing,match,match,match,match,match,match,match,match,match,0.744405998
record_136,d,match,match,match,match,match,match,match,match,nomatch,nomatch,match,nomatch,match,nomatch,match,match,match,match,match,0.615482449
record_136,e,match,match,nomatch,nomatch,nomatch,match,nomatch,nomatch,match,match,match,nomatch,match,match,nomatch,nomatch,nomatch,nomatch,nomatch,0.699242415
record_136,f,nomatch,nomatch,nomatch,match,match,nomatch,nomatch,match,nomatch,missing,nomatch,nomatch,match,match,nomatch,nomatch,nomatch,nomatch,match,0.802253536
record_136,g,nomatch,,matcha,nomatch,,match,matcha,nomatch,matcha,matcha,matcha,nomatch,match,matcha,matcha,matcha,match,nomatch,,0.369733333
record_136,h,nomatch,nomatch,missing,missing,nomatch,missing,missing,nomatch,nomatch,nomatch,match,nomatch,match,missing,nomatch,match,match,nomatch,match,0.699947231
record_137,a,match,match,,nomatch,,match,match,nomatch,match,match,match,match,nomatch,match,match,nomatch,nomatch,,missing,0.529712264
record_137,b,match,match,match,match,match,match,missing,missing,nomatch,match,missing,nomatch,match,nomatch,missing,match,match,missing,missing,0.470581102
record_137,c,match,match,missing,missing,match,,match,match,nomatch,nomatch,nomatch,match,match,match,match,match,match,match,match,0.732822328
record_137,d,match,match,match,missing,match,match,missing,match,nomatch,match,match,match,match,match,match,nomatch,match,match,nomatch,0.660270283
record_137,e,nomatch,match,missing,match,nomatch,match,nomatch,match,nomatch,nomatch,match,nomatch,match,match,nomatch,nomatch,match,nomatch,match,0.518099721
record_137,f,match,nomatch,missing,missing,match,,nomatch,match,match,match,nomatch,match,match,nomatch,nomatch,nomatch,match,match,match,0.744461076
record_137,g,matcha,nomatch,match,match,match,,,matcha,,matcha,nomatch,nomatch,nomatch,matcha,nomatch,nomatch,matcha,nomatch,nomatch,0.554692305
record_137,h,missing,nomatch,match,nomatch,match,missing,nomatch,match,nomatch,match,nomatch,missing,missing,missing,match,match,nomatch,,nomatch,0.666556242
record_138,a,match,match,match,match,match,match,,match,match,match,match,match,match,match,match,nomatch,nomatch,nomatch,match,0.706501311
record_138,b,match,match,missing,missing,match,match,match,,nomatch,missing,,missing,match,match,nomatch,match,match,match,match,0.679434055
record_138,c,missing,match,match,match,match,,match,match,missing,missing,match,match,match,missing,nomatch,match,match,match,match,0.589678186
record_138,d,nomatch,match,match,missing,match,,match,match,match,match,match,nomatch,match,match,match,,match,match,,0.580427721
record_138,e,missing,nomatch,match,match,match,match,nomatch,nomatch,match,match,nomatch,nomatch,match,missing,match,match,match,nomatch,match,0.59835299
record_138,f,missing,match,nomatch,match,match,,match,nomatch,missing,missing,nomatch,match,nomatch,missing,match,nomatch,nomatch,match,nomatch,0.682377521
record_138,g,matcha,,,,nomatch,nomatch,nomatch,nomatch,matcha,nomatch,matcha,nomatch,,nomatch,,nomatch,matcha,match,,0.621530432
record_138,h,nomatch,missing,match,missing,nomatch,match,missing,nomatch,nomatch,nomatch,nomatch,missing,nomatch,nomatch,match,match,missing,match,nomatch,0.506284883
record_139,a,match,match,nomatch,match,match,match,match,match,match,match,match,match,match,nomatch,match,nomatch,nomatch,nomatch,match,0.538245903
record_139,b,match,match,missing,match,match,match,match,match,missing,match,missing,match,match,missing,missing,missing,match,match,match,0.559890047
record_139,c,match,match,match,match,match,match,match,match,nomatch,match,match,match,match,nomatch,match,match,match,match,match,0.603222377
record_139,d,match,match,match,missing,match,match,nomatch,match,match,match,match,match,nomatch,match,nomatch,match,match,match,match,0.634720889
record_139,e,nomatch,nomatch,nomatch,match,nomatch,match,match,nomatch,nomatch,nomatch,nomatch,nomatch,match,nomatch,nomatch,nomatch,match,nomatch,match,0.652021334
record_139,f,nomatch,match,match,match,match,nomatch,match,nomatch,match,match,match,match,match,nomatch,nomatch,nomatch,match,match,match,0.524190463
record_139,g,,matcha,match,,,nomatch,matcha,matcha,nomatch,nomatch,matcha,,nomatch,nomatch,nomatch,matcha,match,matcha,,0.636387664
record_139,h,match,nomatch,nomatch,missing,nomatch,missing,nomatch,match,missing,nomatch,nomatch,missing,missing,match,nomatch,missing,match,match,nomatch,0.561062681
record_14,a,missing,match,match,nomatch,nomatch,nomatch,missing,match,match,match,match,match,nomatch,match,match,nomatch,,missing,match,0.515463933
record_14,b,match,nomatch,missing,match,match,match,match,match,nomatch,match,match,match,match,missing,match,match,match,match,match,0.582289233
record_14,c,match,missing,missing,match,match,match,match,nomatch,match,match,match,match,match,nomatch,match,match,missing,missing,match,0.715750147
record_14,d,nomatch,match,match,match,match,match,nomatch,match,match,match,match,nomatch,match,match,match,match,match,match,match,0.751991788
record_14,e,nomatch,match,match,nomatch,nomatch,nomatch,nomatch,match,nomatch,nomatch,match,nomatch,nomatch,nomatch,nomatch,nomatch,missing,match,nomatch,0.463619723
record_14,f,match,missing,missing,nomatch,nomatch,match,nomatch,nomatch,nomatch,match,match,nomatch,nomatch,nomatch,nomatch,match,missing,missing,nomatch,0.725931148
record_14,g,match,,matcha,match,nomatch,matcha,match,matcha,matcha,matcha,nomatch,,matcha,,,match,match,match,nomatch,0.626892777
record_14,h,missing,missing,nomatch,match,nomatch,match,nomatch,nomatch,missing,missing,missing,nomatch,nomatch,match,nomatch,nomatch,match,missing,match,0.664046335
record_140,a,match,match,match,nomatch,match,match,match,nomatch,match,match,match,match,match,match,match,nomatch,nomatch,nomatch,match,0.549173177
record_140,b,match,missing,match,match,,,missing,missing,nomatch,missing,nomatch,match,match,match,nomatch,match,match,match,match,0.45687727
record_140,c,match,match,match,match,match,match,match,match,match,match,match,missing,missing,match,nomatch,match,match,match,match,0.682636898
record_140,d,nomatch,nomatch,match,nomatch,nomatch,nomatch,match,match,nomatch,nomatch,match,match,match,match,match,missing,match,nomatch,nomatch,0.612115824
record_140,e,match,match,nomatch,match,nomatch,nomatch,match,nomatch,match,nomatch,match,missing,missing,nomatch,match,nomatch,nomatch,nomatch,match,0.645047373
record_140,f,match,nomatch,match,nomatch,nomatch,nomatch,match,match,nomatch,nomatch,match,missing,missing,match,match,match,nomatch,nomatch,match,0.447905373
record_140,g,,matcha,nomatch,matcha,matcha,matcha,matcha,matcha,,matcha,,matcha,,,,matcha,nomatch,nomatch,,0.920659182
record_140,h,nomatch,missing,nomatch,nomatch,missing,nomatch,match,match,nomatch,match,nomatch,match,missing,missing,nomatch,match,match,missing,nomatch,0.54240617
record_141,a,nomatch,match,match,nomatch,match,missing,match,match,match,match,match,match,match,match,match,nomatch,nomatch,nomatch,match,0.622034845
record_141,b,match,,match,match,match,match,match,match,nomatch,match,match,match,missing,match,nomatch,missing,match,nomatch,match,0.621415909
record_141,c,missing,match,match,nomatch,match,match,match,nomatch,match,match,match,match,missing,missing,nomatch,missing,match,missing,match,0.657746454
record_141,d,nomatch,nomatch,match,match,match,missing,nomatch,nomatch,match,nomatch,match,match,match,match,match,match,match,nomatch,match,0.664833272
record_141,e,match,nomatch,nomatch,nomatch,nomatch,nomatch,match,match,match,match,nomatch,match,match,missing,match,missing,nomatch,match,match,0.745643737
record_141,f,missing,nomatch,match,nomatch,nomatch,match,nomatch,match,match,nomatch,match,nomatch,missing,missing,nomatch,missing,nomatch,missing,nomatch,0.511342552
record_141,g,nomatch,matcha,matcha,match,nomatch,matcha,matcha,matcha,nomatch,matcha,matcha,,nomatch,matcha,,match,match,nomatch,nomatch,0.619964223
record_141,h,nomatch,nomatch,nomatch,match,match,missing,nomatch,match,missing,nomatch,nomatch,missing,match,missing,nomatch,match,match,match,match,0.623099442
record_142,a,nomatch,match,match,match,match,match,match,match,match,nomatch,match,match,match,match,match,nomatch,nomatch,nomatch,match,0.689427536
record_142,b,match,match,match,missing,missing,match,missing,nomatch,nomatch,missing,missing,missing,match,missing,match,match,missing,nomatch,match,0.610701626
record_142,c,match,match,match,match,match,match,match,match,match,nomatch,match,nomatch,missing,match,nomatch,match,match,match,match,0.561145954
record_142,d,match,match,match,match,match,match,match,match,match,match,match,match,match,match,match,nomatch,nomatch,match,nomatch,0.515174585
record_142,e,nomatch,nomatch,match,match,match,nomatch,nomatch,nomatch,nomatch,nomatch,match,nomatch,match,nomatch,nomatch,match,nomatch,match,nomatch,0.435571765
record_142,f,nomatch,nomatch,nomatch,match,nomatch,nomatch,match,match,nomatch,match,match,nomatch,missing,match,nomatch,match,match,match,match,0.735633869
record_142,g,match,matcha,matcha,,matcha,matcha,,,,matcha,,,,,,match,nomatch,match,nomatch,0.525268941
record_142,h,match,match,match,missing,missing,match,nomatch,nomatch,match,missing,match,missing,nomatch,match,nomatch,nomatch,missing,nomatch,missing,0.534217684
record_143,a,match,missing,nomatch,match,match,match,match,nomatch,match,match,match,nomatch,match,match,match,,nomatch,nomatch,match,0.668503682
record_143,b,nomatch,missing,missing,missing,match,missing,missing,nomatch,missing,match,match,missing,match,match,match,missing,missing,missing,match,0.618766107
record_143,c,nomatch,match,match,match,match,match,match,nomatch,match,match,match,match,match,match,nomatch,match,match,match,match,0.588066967
record_143,d,match,nomatch,missing,match,match,match,match,match,match,match,match,match,nomatch,match,nomatch,nomatch,missing,match,match,0.68848118
record_143,e,match,match,match,match,nomatch,match,nomatch,nomatch,nomatch,nomatch,nomatch,nomatch,nomatch,nomatch,nomatch,nomatch,nomatch,match,nomatch,0.59133624
record_143,f,nomatch,match,match,nomatch,nomatch,nomatch,nomatch,match,nomatch,nomatch,nomatch,nomatch,nomatch,nomatch,match,match,nomatch,match,match,0.58901816
record_143,g,nomatch,nomatch,matcha,,nomatch,,nomatch,match,,nomatch,,match,nomatch,,,matcha,match,matcha,,0.710539021
record_143,h,missing,missing,nomatch,nomatch,missing,nomatch,nomatch,nomatch,nomatch,missing,nomatch,match,nomatch,missing,match,,missing,missing,match,0.602052571
record_144,a,match,match,match,match,match,,match,match,match,match,,match,match,match,match,nomatch,nomatch,nomatch,match,0.376082737
record_144,b,match,match,missing,match,match,missing,match,match,nomatch,match,missing,match,match,match,nomatch,match,match,missing,missing,0.666911631
record_144,c,match,match,nomatch,match,match,match,,nomatch,missing,match,match,missing,match,match,match,match,match,match,match,0.648391135
record_144,d,match,match,match,nomatch,match,match,match,nomatch,nomatch,match,nomatch,match,match,nomatch,nomatch,match,match,nomatch,nomatch,0.530622755
record_144,e,nomatch,nomatch,match,match,match,match,match,match,match,match,match,match,match,match,match,nomatch,nomatch,match,match,0.510502033
record_144,f,match,nomatch,match,match,nomatch,nomatch,,nomatch,missing,nomatch,match,missing,match,nomatch,nomatch,nomatch,match,nomatch,match,0.731407161
record_144,g,,nomatch,nomatch,,,match,nomatch,nomatch,nomatch,matcha,match,matcha,nomatch,,,match,match,nomatch,,0.596314324
record_144,h,missing,missing,match,match,nomatch,match,match,nomatch,match,missing,missing,nomatch,nomatch,nomatch,nomatch,missing,nomatch,match,missing,0.672252663
record_145,a,match,match,match,nomatch,match,match,match,match,match,match,match,match,nomatch,match,,nomatch,nomatch,missing,,0.814674594
record_145,b,match,match,,match,match,match,match,match,nomatch,missing,missing,missing,match,missing,match,match,missing,missing,missing,0.557886279
record_145,c,match,match,match,match,nomatch,match,match,match,missing,match,match,match,match,match,nomatch,match,,match,nomatch,0.568266757
record_145,d,match,match,nomatch,nomatch,nomatch,match,match,match,match,match,match,nomatch,match,match,match,match,match,nomatch,nomatch,0.703970298
record_145,e,nomatch,nomatch,nomatch,match,match,nomatch,nomatch,nomatch,match,nomatch,match,nomatch,nomatch,nomatch,match,nomatch,match,nomatch,nomatch,0.327392945
record_145,f,match,nomatch,nomatch,nomatch,match,nomatch,match,nomatch,missing,match,nomatch,match,nomatch,match,nomatch,match,missing,nomatch,nomatch,0.546468349
record_145,g,,nomatch,nomatch,match,,,nomatch,nomatch,nomatch,,,nomatch,match,matcha,match,match,match,match,matcha,0.63317578
record_145,h,missing,missing,nomatch,match,nomatch,nomatch,nomatch,match,match,missing,match,match,nomatch,match,missing,match,nomatch,missing,,0.403378961
record_146,a,match,match,match,match,match,match,match,match,match,nomatch,match,match,match,match,match,,nomatch,nomatch,match,0.708824363
record_146,b,match,missing,missing,match,missing,match,match,match,nomatch,match,missing,,missing,match,match,missing,match,match,missing,0.723675488
record_146,c,match,match,match,match,nomatch,match,match,match,match,match,match,nomatch,match,nomatch,nomatch,match,match,match,nomatch,0.590382708
record_146,d,match,missing,nomatch,match,nomatch,match,match,nomatch,nomatch,nomatch,match,match,match,match,match,match,match,match,match,0.5960527
record_146,e,nomatch,match,match,nomatch,match,match,nomatch,nomatch,nomatch,nomatch,nomatch,nomatch,nomatch,match,match,match,match,match,match,0.567574311
record_146,f,nomatch,match,match,nomatch,match,nomatch,nomatch,match,match,match,match,nomatch,nomatch,match,match,match,nomatch,nomatch,nomatch,0.671111042
record_146,g,,,matcha,matcha,,,,,matcha,match,matcha,,matcha,,matcha,match,match,match,,0.692449465
record_146,h,missing,nomatch,nomatch,match,missing,nomatch,match,match,match,match,missing,match,missing,nomatch,missing,match,match,match,missing,0.499321712
record_147,a,match,nomatch,match,match,match,match,match,nomatch,match,match,match,match,match,match,match,nomatch,,nomatch,nomatch,0.622742466
record_147,b,match,,match,,match,match,match,match,nomatch,match,match,match,missing,match,match,match,match,match,missing,0.635001289
record_147,c,match,nomatch,nomatch,missing,match,match,match,nomatch,missing,nomatch,match,nomatch,match,missing,match,match,match,match,match,0.477246698
record_147,d,match,match,match,nomatch,nomatch,match,match,nomatch,nomatch,nomatch,nomatch,match,match,nomatch,nomatch,nomatch,nomatch,match,nomatch,0.553232042
record_147,e,match,match,nomatch,match,nomatch,nomatch,match,match,match,match,nomatch,nomatch,match,missing,match,nomatch,nomatch,nomatch,match,0.489504401
record_147,f,match,match,nomatch,missing,nomatch,nomatch,nomatch,match,missing,match,match,match,nomatch,missing,match,nomatch,match,nomatch,match,0.767194511
record_147,g,,match,matcha,matcha,,,,match,nomatch,,,nomatch,matcha,,,matcha,match,matcha,match,0.546608872
record_147,h,nomatch,match,missing,match,nomatch,missing,match,missing,match,match,nomatch,match,missing,missing,missing,nomatch,missing,missing,nomatch,0.676741115
record_148,a,missing,match,nomatch,match,match,match,match,match,match,match,match,match,,missing,nomatch,nomatch,nomatch,,match,0.624660618
record_148,b,match,match,match,match,match,match,missing,missing,,match,missing,,match,match,nomatch,match,match,match,match,0.387221975
record_148,c,nomatch,missing,match,match,match,match,match,match,match,match,nomatch,nomatch,match,match,match,match,,match,missing,0.550374019
record_148,d,match,match,match,match,match,match,match,match,match,nomatch,match,match,match,match,match,match,match,match,match,0.665213817
record_148,e,match,match,match,nomatch,nomatch,match,nomatch,match,nomatch,nomatch,match,match,nomatch,nomatch,nomatch,match,match,match,match,0.553449836
record_148,f,nomatch,missing,nomatch,match,nomatch,nomatch,nomatch,match,nomatch,match,match,nomatch,match,match,nomatch,match,,match,missing,0.649195073
record_148,g,matcha,,match,,nomatch,matcha,,matcha,,matcha,,matcha,match,nomatch,nomatch,match,matcha,matcha,matcha,0.574408161
record_148,h,nomatch,nomatch,match,missing,match,match,missing,missing,nomatch,match,missing,missing,match,nomatch,nomatch,match,missing,,match,0.787824849
record_149,a,match,match,missing,match,missing,match,nomatch,match,match,match,match,match,match,match,match,nomatch,nomatch,nomatch,match,0.509345074
record_149,b,missing,match,match,match,nomatch,missing,match,match,nomatch,missing,missing,nomatch,match,match,match,missing,missing,missing,missing,0.539878044
record_149,c,nomatch,nomatch,match,match,missing,,,nomatch,match,match,nomatch,match,match,match,match,match,match,match,nomatch,0.742671022
record_149,d,nomatch,match,match,match,match,nomatch,match,match,nomatch,match,match,match,match,match,match,nomatch,nomatch,match,match,0.792441651
record_149,e,nomatch,nomatch,nomatch,nomatch,missing,,match,match,match,match,nomatch,match,match,nomatch,nomatch,nomatch,nomatch,match,match,0.646635855
record_149,f,match,match,nomatch,nomatch,missing,,missing,nomatch,nomatch,match,match,nomatch,match,match,match,match,nomatch,nomatch,nomatch,0.491384493
record_149,g,,nomatch,match,matcha,match,,nomatch,,matcha,matcha,matcha,matcha,,,,matcha,nomatch,match,matcha,0.605476087
record_149,h,match,nomatch,nomatch,nomatch,missing,match,nomatch,match,nomatch,missing,nomatch,nomatch,nomatch,nomatch,nomatch,match,match,match,missing,0.599058329
record_15,a,match,match,nomatch,match,match,nomatch,match,match,match,match,match,match,match,match,match,nomatch,nomatch,nomatch,match,0.616060598
record_15,b,match,match,match,missing,match,match,match,match,nomatch,,missing,match,match,match,match,match,match,match,match,0.518547989
record_15,c,match,match,match,match,nomatch,match,match,match,missing,match,match,match,nomatch,match,match,match,match,nomatch,match,0.533746535
record_15,d,match,nomatch,match,missing,missing,nomatch,match,match,match,match,match,nomatch,match,match,match,missing,match,match,nomatch,0.792870994
record_15,e,match,match,match,match,match,match,match,nomatch,match,match,nomatch,match,match,match,match,match,nomatch,nomatch,match,0.618078529
record_15,f,match,nomatch,match,nomatch,match,match,nomatch,match,missing,match,nomatch,match,nomatch,nomatch,nomatch,match,nomatch,nomatch,nomatch,0.566296701
record_15,g,matcha,nomatch,match,nomatch,,match,nomatch,,,,nomatch,matcha,nomatch,,nomatch,match,nomatch,matcha,nomatch,0.626695732
record_15,h,missing,missing,missing,match,missing,nomatch,nomatch,missing,missing,nomatch,match,nomatch,match,match,nomatch,missing,nomatch,match,missing,0.664521999
record_150,a,nomatch,match,nomatch,match,match,match,match,match,nomatch,match,match,match,missing,match,nomatch,nomatch,nomatch,missing,nomatch,0.697919036
record_150,b,missing,match,match,match,match,match,match,missing,nomatch,match,match,,match,missing,nomatch,match,missing,match,match,0.563990052
record_150,c,match,match,match,nomatch,match,match,match,match,match,match,match,missing,match,match,match,match,missing,match,match,0.666735756
record_150,d,nomatch,match,nomatch,match,nomatch,match,match,match,nomatch,match,match,match,match,match,match,missing,match,match,nomatch,0.651995972
record_150,e,nomatch,nomatch,match,match,match,match,match,nomatch,match,nomatch,nomatch,match,match,nomatch,nomatch,match,match,nomatch,nomatch,0.773497781
record_150,f,nomatch,match,match,match,match,nomatch,match,match,nomatch,nomatch,nomatch,missing,match,nomatch,nomatch,match,missing,nomatch,match,0.513387165
record_150,g,match,,matcha,,nomatch,,,nomatch,match,matcha,nomatch,matcha,nomatch,,nomatch,match,matcha,matcha,match,0.612950469
record_150,h,nomatch,missing,match,nomatch,nomatch,nomatch,match,missing,match,nomatch,missing,nomatch,nomatch,match,match,nomatch,nomatch,missing,match,0.515349701
record_151,a,match,match,match,match,missing,match,match,match,match,match,match,match,,match,,missing,nomatch,nomatch,nomatch,0.678347949
record_151,b,match,match,match,,missing,match,missing,match,nomatch,missing,match,match,match,missing,nomatch,match,match,match,match,0.530150806
record_151,c,match,match,match,match,missing,match,match,match,match,match,match,match,match,match,nomatch,match,match,match,match,0.462880164
record_151,d,match,match,match,match,,nomatch,match,match,nomatch,nomatch,match,nomatch,nomatch,match,match,nomatch,match,match,match,0.642778301
record_151,e,nomatch,match,match,nomatch,missing,nomatch,match,match,match,nomatch,nomatch,match,match,match,nomatch,nomatch,match,nomatch,nomatch,0.613055785
record_151,f,match,nomatch,match,nomatch,missing,match,match,match,match,match,nomatch,nomatch,match,match,nomatch,nomatch,nomatch,nomatch,match,0.781132826
record_151,g,matcha,,matcha,,match,,,,matcha,matcha,nomatch,nomatch,nomatch,,nomatch,matcha,match,matcha,match,0.687751291
record_151,h,match,nomatch,nomatch,match,missing,nomatch,match,missing,match,match,missing,nomatch,,missing,match,missing,match,match,match,0.645502191
record_152,a,match,match,match,,match,match,match,match,match,match,match,match,match,match,match,match,nomatch,,match,0.621659446
record_152,b,match,missing,missing,match,,match,match,match,nomatch,missing,missing,match,match,match,match,match,match,match,missing,0.494079393
record_152,c,match,match,match,match,match,match,match,match,nomatch,match,missing,match,match,match,match,,match,match,match,0.705363909
record_152,d,nomatch,nomatch,nomatch,nomatch,nomatch,match,nomatch,nomatch,match,nomatch,nomatch,match,match,match,nomatch,match,match,nomatch,nomatch,0.577566929
record_152,e,match,match,match,nomatch,match,match,match,match,nomatch,match,missing,match,match,nomatch,match,,nomatch,nomatch,nomatch,0.543916761
record_152,f,nomatch,nomatch,match,match,nomatch,match,nomatch,nomatch,match,nomatch,missing,nomatch,nomatch,nomatch,match,missing,nomatch,nomatch,match,0.582490895
record_152,g,,,,matcha,,nomatch,,nomatch,matcha,nomatch,matcha,nomatch,nomatch,,matcha,matcha,match,matcha,,0.615837569
record_152,h,nomatch,nomatch,missing,,nomatch,missing,nomatch,nomatch,match,missing,match,match,nomatch,nomatch,match,nomatch,nomatch,missing,match,0.535878896
record_153,a,match,match,match,match,match,nomatch,match,nomatch,match,match,match,missing,match,match,match,nomatch,missing,nomatch,match,0.56660434
record_153,b,match,match,match,missing,nomatch,missing,match,match,nomatch,missing,match,match,match,match,match,match,match,match,missing,0.516708235
record_153,c,match,match,match,match,match,match,match,nomatch,nomatch,match,match,match,match,match,missing,match,,match,missing,0.604429438
record_153,d,match,match,match,match,match,nomatch,match,match,match,nomatch,match,match,match,match,nomatch,match,match,match,nomatch,0.519518757
record_153,e,nomatch,nomatch,match,nomatch,match,match,nomatch,match,match,nomatch,match,match,match,nomatch,match,match,match,nomatch,missing,0.692082049
record_153,f,match,match,nomatch,match,nomatch,nomatch,match,match,match,match,match,match,nomatch,nomatch,missing,match,,match,missing,0.457504268
record_153,g,,,,matcha,,match,,nomatch,,nomatch,,nomatch,matcha,,matcha,match,matcha,match,matcha,0.734678982
record_153,h,nomatch,nomatch,nomatch,missing,nomatch,missing,nomatch,match,missing,missing,missing,missing,nomatch,nomatch,nomatch,missing,missing,missing,nomatch,0.580370548
record_154,a,missing,match,match,match,match,match,missing,match,match,match,nomatch,match,match,missing,match,nomatch,nomatch,match,match,0.661215407
record_154,b,match,match,missing,missing,match,match,match,match,nomatch,missing,match,match,,match,missing,match,match,match,match,0.518754373
record_154,c,match,match,match,match,match,match,match,nomatch,nomatch,match,match,match,nomatch,match,missing,match,missing,match,match,0.453609823
record_154,d,nomatch,match,nomatch,nomatch,match,match,match,match,nomatch,match,match,missing,match,match,nomatch,,match,nomatch,nomatch,0.479567324
record_154,e,nomatch,match,match,match,match,match,match,match,match,nomatch,nomatch,match,match,nomatch,missing,nomatch,match,match,nomatch,0.749153449
record_154,f,match,match,match,nomatch,nomatch,nomatch,match,match,nomatch,nomatch,match,nomatch,nomatch,match,missing,nomatch,missing,match,match,0.718648761
record_154,g,match,nomatch,,,nomatch,,matcha,matcha,,,match,,matcha,match,matcha,matcha,match,matcha,,0.60367904
record_154,h,missing,nomatch,nomatch,missing,nomatch,match,nomatch,nomatch,match,nomatch,match,match,nomatch,missing,match,match,match,missing,match,0.495289594
record_155,a,,match,match,nomatch,match,match,match,match,nomatch,missing,match,match,nomatch,match,match,nomatch,nomatch,nomatch,nomatch,0.59486727
record_155,b,missing,match,match,match,match,match,match,match,missing,match,match,match,match,match,match,match,missing,match,match,0.455164773
record_155,c,match,nomatch,match,nomatch,match,match,match,nomatch,match,nomatch,match,match,missing,match,match,match,match,match,nomatch,0.75573979
record_155,d,nomatch,match,match,match,nomatch,match,nomatch,nomatch,nomatch,match,nomatch,match,match,match,match,,nomatch,match,nomatch,0.585188459
record_155,e,nomatch,nomatch,match,nomatch,match,nomatch,match,match,nomatch,nomatch,match,match,missing,match,nomatch,nomatch,match,match,nomatch,0.571388467
record_155,f,match,match,nomatch,match,match,match,match,nomatch,nomatch,match,match,match,missing,match,nomatch,match,nomatch,nomatch,match,0.532028879
record_155,g,matcha,nomatch,,match,,nomatch,,matcha,match,matcha,,,match,matcha,nomatch,matcha,nomatch,match,match,0.450927991
record_155,h,match,nomatch,nomatch,missing,nomatch,missing,missing,nomatch,missing,missing,missing,nomatch,match,match,nomatch,match,match,nomatch,nomatch,0.578873653
record_156,a,match,missing,match,match,match,nomatch,match,match,nomatch,,match,match,,nomatch,nomatch,match,nomatch,match,nomatch,0.664309312
record_156,b,missing,match,match,match,match,match,missing,missing,nomatch,match,match,match,match,match,nomatch,match,missing,match,match,0.608405757
record_156,c,match,match,missing,match,match,match,match,match,nomatch,missing,match,match,match,match,match,match,match,match,match,0.624073035
record_156,d,match,match,nomatch,match,match,match,match,nomatch,nomatch,match,nomatch,match,match,missing,match,nomatch,match,nomatch,nomatch,0.789698743
record_156,e,nomatch,match,missing,nomatch,nomatch,nomatch,match,nomatch,nomatch,missing,match,nomatch,match,match,match,match,match,nomatch,match,0.636613977
record_156,f,nomatch,match,missing,nomatch,match,match,match,match,nomatch,missing,nomatch,match,nomatch,nomatch,match,match,match,match,nomatch,0.392553648
record_156,g,,matcha,nomatch,,,match,,nomatch,nomatch,matcha,matcha,matcha,nomatch,match,matcha,matcha,nomatch,,matcha,0.594997571
record_156,h,match,nomatch,nomatch,missing,nomatch,nomatch,nomatch,missing,missing,match,match,nomatch,match,match,match,nomatch,match,match,missing,0.697760485
record_157,a,match,missing,match,match,match,match,,match,match,,missing,match,match,match,,missing,nomatch,nomatch,match,0.521125778
record_157,b,match,match,match,missing,match,match,match,missing,nomatch,missing,missing,missing,match,missing,nomatch,nomatch,nomatch,match,match,0.534620425
record_157,c,nomatch,match,match,nomatch,match,match,missing,nomatch,match,match,nomatch,match,nomatch,missing,match,match,match,match,match,0.518002184
record_157,d,match,nomatch,match,nomatch,match,match,nomatch,match,match,nomatch,match,match,match,nomatch,nomatch,,match,match,nomatch,0.643799623
record_157,e,nomatch,nomatch,nomatch,match,match,nomatch,match,nomatch,nomatch,match,match,match,match,missing,match,nomatch,match,match,match,0.535416398
record_157,f,nomatch,nomatch,nomatch,nomatch,match,nomatch,missing,match,nomatch,nomatch,match,nomatch,nomatch,missing,match,match,nomatch,nomatch,match,0.597631852
record_157,g,nomatch,match,matcha,,,,match,matcha,,match,matcha,nomatch,,matcha,matcha,matcha,nomatch,match,,0.546527257
record_157,h,nomatch,nomatch,nomatch,missing,nomatch,match,,missing,missing,match,nomatch,nomatch,match,match,,nomatch,missing,nomatch,missing,0.625623339
record_158,a,match,match,match,match,,match,match,,match,missing,nomatch,match,match,match,match,nomatch,nomatch,nomatch,match,0.48908246
record_158,b,match,match,match,match,match,nomatch,match,,match,match,match,missing,match,match,match,match,match,match,missing,0.828050482
record_158,c,missing,match,match,match,match,nomatch,match,match,match,match,missing,nomatch,nomatch,match,match,match,match,missing,match,0.600582552
record_158,d,nomatch,match,match,match,match,match,match,missing,match,match,match,match,match,missing,match,match,match,nomatch,nomatch,0.715816417
record_158,e,match,match,nomatch,match,match,nomatch,nomatch,nomatch,nomatch,nomatch,missing,nomatch,nomatch,match,match,match,match,match,match,0.639653629
record_158,f,missing,match,match,nomatch,match,nomatch,nomatch,match,match,nomatch,missing,nomatch,match,nomatch,nomatch,match,match,missing,match,0.570441869
record_158,g,nomatch,,matcha,,nomatch,,nomatch,match,,matcha,nomatch,matcha,,,,nomatch,match,match,nomatch,0.485690445
record_158,h,missing,nomatch,match,nomatch,match,nomatch,missing,missing,nomatch,missing,match,match,nomatch,missing,nomatch,missing,match,missing,match,0.616584366
record_159,a,match,match,match,match,,match,,,match,match,match,match,match,match,match,nomatch,nomatch,missing,missing,0.57767835
record_159,b,match,match,nomatch,match,missing,missing,match,,missing,match,missing,match,missing,missing,match,,missing,match,match,0.597343844
record_159,c,missing,match,match,match,match,match,match,nomatch,match,match,nomatch,match,match,match,match,match,match,match,match,0.577949162
record_159,d,nomatch,match,match,match,match,match,match,nomatch,match,nomatch,match,match,match,nomatch,match,nomatch,match,nomatch,match,0.411927163
record_159,e,match,nomatch,nomatch,nomatch,match,match,nomatch,nomatch,nomatch,match,nomatch,match,match,nomatch,match,match,nomatch,nomatch,nomatch,0.533007462
record_159,f,missing,nomatch,nomatch,match,match,nomatch,match,match,match,match,match,match,nomatch,nomatch,match,nomatch,nomatch,nomatch,match,0.579713559
record_159,g,,,matcha,nomatch,match,,nomatch,match,nomatch,matcha,nomatch,matcha,nomatch,,matcha,match,match,matcha,nomatch,0.660071846
record_159,h,missing,nomatch,nomatch,match,,match,,match,match,nomatch,match,nomatch,missing,missing,missing,match,match,missing,missing,0.520858909
record_16,a,match,match,match,match,match,match,match,match,match,match,match,match,missing,match,nomatch,nomatch,missing,missing,missing,0.595567046
record_16,b,match,nomatch,match,match,missing,match,match,match,nomatch,missing,nomatch,match,match,match,,match,match,match,missing,0.692811901
record_16,c,nomatch,match,nomatch,match,match,match,match,match,match,match,match,match,nomatch,match,match,match,missing,match,match,0.690323657
record_16,d,nomatch,nomatch,nomatch,match,match,nomatch,match,nomatch,nomatch,match,nomatch,match,nomatch,match,nomatch,,match,match,match,0.591977682
record_16,e,match,nomatch,nomatch,nomatch,match,nomatch,match,match,nomatch,nomatch,nomatch,nomatch,match,match,match,match,match,nomatch,nomatch,0.665236756
record_16,f,nomatch,match,match,match,nomatch,nomatch,nomatch,match,match,nomatch,nomatch,nomatch,match,match,match,match,missing,nomatch,match,0.617879261
record_16,g,,nomatch,matcha,,,,,,nomatch,matcha,matcha,,nomatch,matcha,nomatch,matcha,match,matcha,match,0.80059609
record_16,h,nomatch,nomatch,nomatch,missing,nomatch,match,match,nomatch,nomatch,nomatch,nomatch,missing,nomatch,nomatch,match,missing,missing,nomatch,missing,0.398811639
record_160,a,match,,match,match,nomatch,nomatch,match,match,match,match,match,match,match,match,match,nomatch,nomatch,match,match,0.51634851
record_160,b,match,match,match,match,match,,match,match,match,match,nomatch,match,match,match,match,match,match,match,match,0.711387578
record_160,c,match,match,match,nomatch,match,match,match,match,nomatch,match,nomatch,match,match,match,match,match,match,missing,nomatch,0.657538666
record_160,d,match,nomatch,match,match,nomatch,match,match,missing,match,nomatch,missing,nomatch,match,match,match,missing,match,match,nomatch,0.713024159
record_160,e,nomatch,match,match,match,match,nomatch,match,match,nomatch,nomatch,match,nomatch,match,match,nomatch,nomatch,match,missing,nomatch,0.546696212
record_160,f,match,nomatch,nomatch,match,nomatch,nomatch,nomatch,match,nomatch,match,nomatch,nomatch,match,nomatch,match,match,nomatch,missing,match,0.493824752
record_160,g,,nomatch,,nomatch,matcha,matcha,,matcha,nomatch,nomatch,,nomatch,,matcha,,match,match,nomatch,matcha,0.689937795
record_160,h,nomatch,match,match,nomatch,nomatch,missing,match,nomatch,match,nomatch,nomatch,nomatch,nomatch,nomatch,nomatch,match,match,missing,nomatch,0.549614147
record_161,a,match,match,match,match,match,match,missing,,match,match,nomatch,missing,match,match,match,nomatch,,missing,match,0.713998431
record_161,b,missing,match,match,missing,match,match,match,match,nomatch,missing,nomatch,match,match,match,match,match,nomatch,match,match,0.506641888
record_161,c,match,nomatch,match,match,match,match,match,match,match,missing,missing,match,match,match,match,missing,match,match,match,0.580648845
record_161,d,match,match,match,match,match,match,match,match,match,nomatch,nomatch,,nomatch,match,match,match,match,match,nomatch,0.645637277
record_161,e,nomatch,match,match,match,match,nomatch,match,match,match,missing,match,match,nomatch,nomatch,nomatch,missing,match,nomatch,nomatch,0.662957705
record_161,f,nomatch,match,match,nomatch,nomatch,match,match,match,match,missing,missing,match,match,nomatch,match,missing,nomatch,nomatch,match,0.690279842
record_161,g,,,,matcha,,,match,match,nomatch,nomatch,nomatch,match,nomatch,,,match,match,match,,0.701852369
record_161,h,missing,nomatch,missing,match,match,nomatch,nomatch,match,nomatch,nomatch,match,nomatch,missing,match,nomatch,match,match,missing,match,0.700081929
record_162,a,match,match,match,match,match,match,match,nomatch,match,match,missing,match,match,nomatch,match,,nomatch,nomatch,match,0.722216425
record_162,b,match,match,match,match,match,match,nomatch,,nomatch,match,missing,nomatch,match,nomatch,match,match,match,missing,missing,0.678573675
record_162,c,match,match,match,match,missing,match,match,nomatch,nomatch,match,match,match,match,match,missing,match,,match,missing,0.364478663
record_162,d,match,match,match,match,match,nomatch,nomatch,match,nomatch,match,match,match,match,nomatch,nomatch,missing,match,match,nomatch,0.714569408
record_162,e,match,nomatch,match,nomatch,match,nomatch,nomatch,match,nomatch,nomatch,nomatch,nomatch,match,match,match,match,,match,missing,0.773859252
record_162,f,nomatch,nomatch,nomatch,nomatch,missing,nomatch,nomatch,nomatch,match,match,match,nomatch,nomatch,nomatch,missing,match,missing,match,missing,0.650470993
record_162,g,,,,,,matcha,matcha,match,nomatch,,matcha,nomatch,matcha,nomatch,nomatch,nomatch,match,matcha,nomatch,0.669333907
record_162,h,nomatch,match,missing,match,nomatch,missing,nomatch,nomatch,match,nomatch,missing,nomatch,missing,nomatch,missing,,nomatch,match,missing,0.6880078
record_163,a,match,match,match,missing,missing,match,match,match,match,match,match,match,match,match,match,nomatch,,nomatch,match,0.768945996
record_163,b,match,match,missing,match,match,missing,match,match,nomatch,match,match,match,missing,match,,match,missing,missing,match,0.583945855
record_163,c,match,nomatch,match,match,match,match,match,match,missing,match,nomatch,nomatch,match,match,match,match,match,match,nomatch,0.53354842
record_163,d,match,match,match,match,match,match,match,match,match,match,nomatch,missing,match,nomatch,nomatch,match,match,match,,0.715324658
record_163,e,nomatch,nomatch,match,match,nomatch,match,match,nomatch,missing,match,nomatch,match,match,match,nomatch,match,nomatch,match,nomatch,0.504661005
record_163,f,match,match,nomatch,nomatch,match,match,nomatch,match,missing,match,nomatch,match,match,match,nomatch,nomatch,match,match,match,0.616792625
record_163,g,matcha,,nomatch,match,match,matcha,nomatch,nomatch,,,matcha,,matcha,,,match,match,match,matcha,0.613454739
record_163,h,nomatch,nomatch,nomatch,missing,nomatch,match,nomatch,missing,nomatch,match,nomatch,nomatch,match,nomatch,match,match,match,match,nomatch,0.508820202
record_164,a,match,match,match,nomatch,match,,match,match,nomatch,match,match,,match,nomatch,match,nomatch,nomatch,match,match,0.460016525
record_164,b,match,match,match,match,match,match,match,match,nomatch,missing,match,match,match,match,nomatch,missing,match,match,match,0.521581437
record_164,c,missing,match,missing,match,match,match,match,match,match,missing,nomatch,match,match,match,match,match,match,match,match,0.641360504
record_164,d,match,match,nomatch,match,match,match,match,match,nomatch,match,match,match,match,match,match,nomatch,match,match,nomatch,0.615497792
record_164,e,match,match,match,nomatch,match,nomatch,nomatch,match,match,missing,nomatch,match,nomatch,nomatch,match,nomatch,match,nomatch,match,0.372356265
record_164,f,missing,nomatch,missing,nomatch,match,nomatch,match,match,nomatch,missing,nomatch,nomatch,match,match,nomatch,nomatch,nomatch,nomatch,nomatch,0.6377942
record_164,g,,matcha,,match,,match,nomatch,matcha,nomatch,nomatch,nomatch,matcha,,matcha,,match,match,matcha,nomatch,0.541258648
record_164,h,match,nomatch,missing,match,missing,match,match,match,nomatch,nomatch,nomatch,missing,nomatch,match,missing,missing,match,match,missing,0.446458219
record_165,a,match,match,match,nomatch,match,match,match,match,match,match,nomatch,match,missing,missing,match,missing,nomatch,nomatch,match,0.640642526
record_165,b,match,match,match,,match,,match,match,match,match,match,match,missing,match,match,match,missing,missing,match,0.618900418
record_165,c,match,nomatch,match,match,match,match,match,nomatch,missing,match,match,match,match,match,match,match,,match,nomatch,0.464583136
record_165,d,nomatch,match,match,match,match,nomatch,match,match,nomatch,match,match,match,match,match,match,nomatch,match,nomatch,match,0.646225728
record_165,e,match,match,nomatch,match,match,nomatch,match,match,match,nomatch,nomatch,nomatch,nomatch,match,nomatch,nomatch,,match,nomatch,0.491908476
record_165,f,match,match,nomatch,match,nomatch,nomatch,match,match,missing,nomatch,nomatch,nomatch,nomatch,nomatch,nomatch,nomatch,,nomatch,nomatch,0.394219324
record_165,g,,matcha,,matcha,matcha,,,nomatch,nomatch,nomatch,match,matcha,match,nomatch,matcha,match,matcha,match,,0.533357261
record_165,h,nomatch,match,nomatch,nomatch,nomatch,nomatch,missing,nomatch,nomatch,missing,match,match,missing,nomatch,nomatch,nomatch,match,nomatch,nomatch,0.515469932
record_166,a,nomatch,match,match,match,match,match,match,match,match,match,missing,,nomatch,match,,nomatch,nomatch,nomatch,,0.657565527
record_166,b,missing,nomatch,match,match,match,match,match,match,nomatch,match,match,match,missing,,match,match,match,nomatch,match,0.637386204
record_166,c,missing,match,nomatch,match,,match,match,match,nomatch,match,match,match,missing,match,match,match,match,match,match,0.741907229
record_166,d,match,match,match,nomatch,nomatch,match,match,match,match,match,match,match,match,match,nomatch,match,match,match,match,0.781602561
record_166,e,missing,match,match,nomatch,match,nomatch,match,match,match,match,match,match,match,nomatch,nomatch,match,nomatch,nomatch,nomatch,0.559168725
record_166,f,missing,match,nomatch,match,,nomatch,match,nomatch,match,nomatch,nomatch,match,missing,nomatch,nomatch,match,match,match,nomatch,0.625425111
record_166,g,match,matcha,nomatch,nomatch,,nomatch,,,matcha,nomatch,matcha,match,match,nomatch,match,matcha,matcha,nomatch,matcha,0.422929211
record_166,h,match,nomatch,nomatch,missing,missing,match,nomatch,nomatch,nomatch,match,missing,match,missing,nomatch,missing,missing,match,match,,0.715078789
record_167,a,match,match,match,match,match,match,match,missing,match,match,match,match,missing,match,match,nomatch,nomatch,nomatch,match,0.591177364
record_167,b,match,match,match,match,missing,match,match,missing,nomatch,match,missing,match,match,match,match,match,match,match,match,0.732263345
record_167,c,match,match,nomatch,match,match,match,match,match,match,match,match,match,match,match,missing,match,match,match,match,0.650977255
record_167,d,match,match,match,match,nomatch,missing,nomatch,nomatch,nomatch,nomatch,match,match,match,match,nomatch,match,match,missing,match,0.56237547
record_167,e,match,match,match,nomatch,nomatch,match,match,match,nomatch,nomatch,nomatch,match,nomatch,nomatch,missing,match,nomatch,match,nomatch,0.545850847
record_167,f,match,nomatch,match,nomatch,nomatch,nomatch,match,match,nomatch,nomatch,nomatch,match,nomatch,match,missing,nomatch,match,nomatch,nomatch,0.573205293
record_167,g,nomatch,,nomatch,,matcha,matcha,matcha,match,nomatch,nomatch,,,match,matcha,,nomatch,matcha,nomatch,,0.621178965
record_167,h,nomatch,match,match,nomatch,nomatch,match,match,nomatch,nomatch,nomatch,nomatch,missing,missing,missing,nomatch,nomatch,missing,match,missing,0.55517615
record_168,a,match,match,match,match,match,match,match,match,match,nomatch,match,match,match,match,match,nomatch,match,nomatch,match,0.646128475
record_168,b,match,match,missing,nomatch,match,match,match,missing,nomatch,match,missing,match,match,match,missing,missing,match,match,match,0.697502784
record_168,c,match,match,nomatch,match,match,match,match,match,match,match,nomatch,missing,match,match,match,match,match,nomatch,nomatch,0.682340746
record_168,d,match,match,nomatch,match,match,nomatch,match,match,match,nomatch,match,,match,match,nomatch,nomatch,match,match,match,0.657172595
record_168,e,nomatch,match,nomatch,match,nomatch,match,nomatch,nomatch,match,match,nomatch,match,match,match,nomatch,match,nomatch,match,nomatch,0.659478994
record_168,f,nomatch,nomatch,match,nomatch,match,nomatch,nomatch,nomatch,nomatch,match,match,missing,match,nomatch,nomatch,match,nomatch,nomatch,nomatch,0.47230288
record_168,g,matcha,matcha,matcha,,,,,matcha,,matcha,,nomatch,nomatch,nomatch,,matcha,,nomatch,,0.691498974
record_168,h,missing,nomatch,missing,match,nomatch,match,nomatch,nomatch,nomatch,match,nomatch,nomatch,nomatch,missing,match,nomatch,nomatch,match,nomatch,0.58710616
record_169,a,match,missing,match,match,match,match,match,missing,match,nomatch,match,match,match,match,match,nomatch,,nomatch,match,0.517122799
record_169,b,nomatch,missing,match,match,match,missing,nomatch,missing,nomatch,match,missing,match,match,match,match,,match,missing,missing,0.615805555
record_169,c,match,match,match,missing,match,match,match,match,match,match,match,match,nomatch,missing,nomatch,match,match,match,match,0.528386166
record_169,d,match,nomatch,missing,missing,nomatch,match,match,match,match,match,nomatch,match,match,match,match,nomatch,match,match,nomatch,0.456336263
record_169,e,match,match,nomatch,match,match,nomatch,nomatch,match,nomatch,match,match,match,match,match,nomatch,nomatch,nomatch,match,nomatch,0.546438239
record_169,f,match,nomatch,nomatch,missing,nomatch,match,match,match,match,nomatch,nomatch,nomatch,nomatch,missing,nomatch,nomatch,match,nomatch,match,0.65678718
record_169,g,,matcha,,nomatch,matcha,,matcha,match,,match,matcha,matcha,matcha,nomatch,,matcha,nomatch,match,matcha,0.689248164
record_169,h,nomatch,missing,missing,nomatch,missing,nomatch,nomatch,nomatch,match,missing,missing,nomatch,match,match,missing,match,missing,match,nomatch,0.57929214
record_17,a,missing,match,match,match,match,match,,nomatch,match,match,match,nomatch,match,match,match,nomatch,match,nomatch,match,0.515168436
record_17,b,missing,match,match,match,match,match,nomatch,nomatch,nomatch,match,match,match,match,match,match,missing,match,match,missing,0.509207252
record_17,c,match,match,nomatch,match,match,match,match,match,match,match,match,match,match,nomatch,missing,match,missing,match,nomatch,0.518612753
record_17,d,nomatch,match,match,match,match,match,match,nomatch,nomatch,match,match,match,match,match,match,match,nomatch,match,match,0.561249737
record_17,e,nomatch,match,nomatch,nomatch,match,match,nomatch,match,match,nomatch,match,match,nomatch,nomatch,missing,match,missing,match,nomatch,0.427820229
record_17,f,nomatch,nomatch,nomatch,match,match,nomatch,match,match,nomatch,nomatch,nomatch,match,match,nomatch,missing,nomatch,missing,match,match,0.573286097
record_17,g,nomatch,,matcha,,,nomatch,match,nomatch,matcha,,,matcha,nomatch,,,match,nomatch,matcha,nomatch,0.614659049
record_17,h,missing,match,match,missing,nomatch,nomatch,,nomatch,nomatch,nomatch,match,missing,nomatch,nomatch,nomatch,match,nomatch,match,nomatch,0.755397539
record_170,a,match,match,nomatch,match,missing,match,match,match,match,match,match,match,match,match,match,nomatch,match,match,,0.557133408
record_170,b,match,match,match,match,match,match,match,match,,match,match,match,missing,missing,missing,match,nomatch,match,match,0.630801592
record_170,c,match,match,match,match,,match,match,nomatch,missing,match,missing,nomatch,nomatch,match,match,match,match,match,match,0.487619189
record_170,d,match,match,match,match,nomatch,nomatch,nomatch,nomatch,match,match,match,match,match,match,nomatch,match,match,nomatch,nomatch,0.479103568
record_170,e,match,nomatch,match,match,,match,match,nomatch,missing,match,missing,match,match,match,nomatch,match,match,nomatch,nomatch,0.686776515
record_170,f,match,nomatch,nomatch,nomatch,missing,match,nomatch,match,missing,nomatch,missing,nomatch,match,match,match,match,nomatch,match,match,0.498885374
record_170,g,matcha,,nomatch,matcha,match,nomatch,,matcha,matcha,,,nomatch,,matcha,,matcha,,,match,0.519414515
record_170,h,nomatch,nomatch,nomatch,nomatch,missing,nomatch,missing,missing,nomatch,nomatch,nomatch,nomatch,nomatch,nomatch,nomatch,match,missing,missing,match,0.470442565
record_171,a,match,match,missing,match,match,match,nomatch,,missing,match,nomatch,,match,match,nomatch,nomatch,nomatch,nomatch,match,0.603467353
record_171,b,match,match,nomatch,match,match,missing,match,match,nomatch,missing,missing,match,match,match,match,nomatch,match,missing,nomatch,0.567929313
record_171,c,nomatch,match,match,match,match,match,match,match,match,missing,match,match,nomatch,nomatch,match,missing,,match,missing,0.584862137
record_171,d,match,match,match,match,match,nomatch,nomatch,missing,match,match,nomatch,match,nomatch,match,missing,match,match,nomatch,match,0.70273509
record_171,e,match,match,nomatch,match,match,match,match,match,match,missing,match,match,nomatch,nomatch,match,missing,match,nomatch,match,0.568190564
record_171,f,nomatch,nomatch,nomatch,match,nomatch,nomatch,nomatch,nomatch,nomatch,missing,match,nomatch,nomatch,nomatch,nomatch,missing,,match,missing,0.755714925
record_171,g,,nomatch,match,matcha,,nomatch,match,match,nomatch,,match,matcha,,matcha,nomatch,matcha,matcha,matcha,,0.384259256
record_171,h,nomatch,nomatch,nomatch,nomatch,missing,match,match,match,nomatch,nomatch,match,match,nomatch,nomatch,missing,nomatch,match,missing,nomatch,0.643238062
record_172,a,match,,match,,match,nomatch,match,,match,match,nomatch,match,match,match,nomatch,nomatch,nomatch,nomatch,match,0.521179379
record_172,b,missing,match,match,match,match,match,match,match,nomatch,match,missing,nomatch,missing,match,nomatch,match,match,match,match,0.5761484
record_172,c,match,nomatch,match,match,match,match,match,match,nomatch,match,match,match,match,match,nomatch,match,match,match,match,0.748467418
record_172,d,match,match,nomatch,match,match,match,match,nomatch,nomatch,nomatch,nomatch,match,match,match,match,match,match,match,missing,0.745790446
record_172,e,nomatch,nomatch,nomatch,match,match,match,match,nomatch,nomatch,nomatch,nomatch,nomatch,match,match,nomatch,match,nomatch,match,nomatch,0.659882066
record_172,f,nomatch,match,nomatch,match,match,nomatch,nomatch,match,match,match,nomatch,nomatch,match,nomatch,match,nomatch,nomatch,nomatch,match,0.687646338
record_172,g,nomatch,matcha,nomatch,nomatch,nomatch,match,,match,matcha,,match,matcha,,,matcha,match,matcha,matcha,nomatch,0.470640496
record_172,h,nomatch,match,match,match,missing,nomatch,nomatch,match,missing,nomatch,nomatch,missing,match,match,missing,match,nomatch,missing,missing,0.606915179
record_173,a,match,match,match,match,match,match,match,match,match,,match,nomatch,match,match,match,match,nomatch,nomatch,nomatch,0.519876308
record_173,b,missing,match,match,match,match,match,match,missing,missing,match,match,missing,nomatch,missing,nomatch,match,match,nomatch,match,0.656241262
record_173,c,missing,match,match,match,match,match,match,missing,match,nomatch,match,match,match,nomatch,nomatch,match,match,nomatch,match,0.673175129
record_173,d,match,nomatch,match,match,match,match,match,nomatch,match,match,nomatch,match,nomatch,match,match,match,match,match,match,0.569126591
record_173,e,match,match,nomatch,nomatch,match,nomatch,match,match,match,nomatch,match,nomatch,match,match,nomatch,match,nomatch,match,match,0.549502128
record_173,f,missing,nomatch,match,match,nomatch,match,nomatch,missing,match,match,match,match,nomatch,nomatch,match,nomatch,match,nomatch,match,0.522981687
record_173,g,matcha,nomatch,,,,,,matcha,,match,matcha,match,nomatch,,matcha,,nomatch,match,match,0.341155811
record_173,h,match,match,nomatch,match,nomatch,match,missing,missing,match,match,missing,match,match,nomatch,nomatch,nomatch,match,match,missing,0.794073562
record_174,a,match,match,match,match,match,match,nomatch,match,match,match,nomatch,match,match,match,,nomatch,nomatch,nomatch,,0.677798896
record_174,b,match,match,missing,match,nomatch,match,match,match,nomatch,match,nomatch,match,match,match,match,match,missing,match,match,0.712254867
record_174,c,match,nomatch,match,match,match,match,match,nomatch,match,nomatch,match,nomatch,match,match,nomatch,match,,match,nomatch,0.581759126
record_174,d,match,match,match,match,match,nomatch,match,nomatch,match,match,nomatch,match,match,match,nomatch,match,match,nomatch,nomatch,0.537903594
record_174,e,nomatch,match,nomatch,match,match,nomatch,nomatch,nomatch,match,match,match,match,nomatch,match,nomatch,match,match,match,nomatch,0.495084109
record_174,f,match,nomatch,match,nomatch,nomatch,nomatch,nomatch,match,nomatch,nomatch,nomatch,match,match,nomatch,match,match,,match,match,0.608697522
record_174,g,nomatch,nomatch,nomatch,,nomatch,,nomatch,,matcha,nomatch,nomatch,,nomatch,matcha,matcha,match,matcha,match,match,0.506158906
record_174,h,missing,missing,missing,match,nomatch,nomatch,nomatch,missing,nomatch,match,match,missing,nomatch,nomatch,missing,nomatch,missing,match,match,0.702117334
record_175,a,match,match,match,match,missing,match,match,match,match,nomatch,match,match,match,match,match,nomatch,nomatch,nomatch,match,0.64435778
record_175,b,missing,match,nomatch,match,match,match,match,match,nomatch,match,match,,match,missing,match,missing,match,match,match,0.537588709
record_175,c,match,missing,match,match,match,match,match,match,match,nomatch,nomatch,match,match,match,nomatch,match,match,match,nomatch,0.4452314
record_175,d,nomatch,match,match,match,match,match,nomatch,match,nomatch,match,match,nomatch,nomatch,match,match,match,match,match,nomatch,0.552471086
record_175,e,nomatch,match,nomatch,match,nomatch,match,match,match,match,nomatch,match,match,match,match,match,nomatch,nomatch,nomatch,nomatch,0.603989769
record_175,f,match,missing,nomatch,match,match,match,match,match,nomatch,nomatch,nomatch,nomatch,nomatch,match,match,nomatch,nomatch,match,match,0.556438704
record_175,g,,matcha,,,nomatch,matcha,,matcha,,match,,,matcha,,,nomatch,match,matcha,,0.838987553
record_175,h,missing,missing,match,match,nomatch,match,missing,match,nomatch,match,nomatch,nomatch,nomatch,nomatch,nomatch,missing,missing,missing,nomatch,0.480641421
record_176,a,match,match,match,,match,match,match,match,nomatch,missing,match,,match,match,match,nomatch,nomatch,nomatch,match,0.718977429
record_176,b,missing,match,missing,match,match,match,match,missing,nomatch,match,match,match,match,match,match,nomatch,missing,match,match,0.552889133
record_176,c,match,missing,match,match,match,match,match,match,nomatch,match,match,match,missing,match,match,match,match,match,nomatch,0.722952011
record_176,d,match,match,match,match,match,match,nomatch,match,match,nomatch,nomatch,match,match,nomatch,nomatch,match,match,match,match,0.594404466
record_176,e,match,missing,nomatch,match,match,match,match,match,match,nomatch,match,match,missing,nomatch,nomatch,nomatch,match,nomatch,match,0.558918892
record_176,f,nomatch,missing,match,match,nomatch,nomatch,nomatch,match,match,nomatch,match,match,missing,nomatch,nomatch,match,nomatch,nomatch,nomatch,0.533452253
record_176,g,matcha,matcha,,match,,nomatch,matcha,nomatch,match,match,nomatch,match,matcha,,,nomatch,match,nomatch,matcha,0.563535337
record_176,h,match,nomatch,nomatch,missing,match,nomatch,nomatch,match,nomatch,nomatch,missing,match,nomatch,nomatch,nomatch,match,missing,nomatch,missing,0.494394015
record_177,a,match,match,match,match,match,match,match,match,match,match,nomatch,match,match,nomatch,match,nomatch,nomatch,nomatch,match,0.549176856
record_177,b,match,match,nomatch,match,match,match,match,match,missing,missing,match,match,match,match,nomatch,match,match,missing,match,0.55618474
record_177,c,match,match,nomatch,match,match,match,match,match,match,nomatch,match,match,match,match,match,match,match,match,nomatch,0.758307378
record_177,d,match,match,match,,match,match,,nomatch,match,match,nomatch,match,match,match,match,nomatch,match,match,match,0.548144442
record_177,e,nomatch,nomatch,nomatch,match,match,match,match,match,match,match,match,match,match,match,match,nomatch,match,match,match,0.628720145
record_177,f,nomatch,match,match,match,nomatch,match,nomatch,nomatch,match,match,match,match,match,nomatch,match,match,nomatch,match,match,0.512607551
record_177,g,,matcha,,nomatch,,nomatch,,nomatch,matcha,,matcha,nomatch,,nomatch,matcha,match,nomatch,match,nomatch,0.851599795
record_177,h,missing,match,nomatch,match,nomatch,match,match,nomatch,nomatch,missing,nomatch,match,nomatch,missing,match,nomatch,match,nomatch,nomatch,0.604906219
record_178,a,match,match,,match,match,match,missing,match,match,match,match,match,match,match,match,missing,nomatch,missing,match,0.58599082
record_178,b,match,match,match,match,missing,match,match,match,nomatch,match,match,match,match,match,nomatch,missing,match,missing,match,0.491119085
record_178,c,match,match,match,missing,match,match,match,match,match,nomatch,match,nomatch,nomatch,match,match,match,match,match,match,0.602648891
record_178,d,match,match,match,match,nomatch,match,match,nomatch,match,,match,match,missing,match,match,match,match,nomatch,missing,0.578050618
record_178,e,nomatch,match,match,missing,nomatch,match,match,nomatch,nomatch,match,match,match,match,nomatch,nomatch,match,match,match,match,0.693488166
record_178,f,match,nomatch,nomatch,missing,nomatch,nomatch,match,match,match,nomatch,match,match,nomatch,nomatch,match,match,nomatch,match,match,0.515325274
record_178,g,,,nomatch,,,nomatch,nomatch,,,nomatch,nomatch,,,matcha,,match,match,matcha,matcha,0.683120434
record_178,h,match,match,match,nomatch,missing,nomatch,missing,missing,nomatch,nomatch,nomatch,nomatch,missing,nomatch,match,nomatch,nomatch,nomatch,missing,0.709743606
record_179,a,match,match,match,match,match,,match,match,match,match,match,match,match,,missing,nomatch,nomatch,nomatch,match,0.738412212
record_179,b,match,missing,match,match,missing,match,missing,match,nomatch,missing,nomatch,match,match,match,match,missing,missing,match,missing,0.520327201
record_179,c,nomatch,missing,match,match,match,match,,missing,match,match,match,nomatch,match,match,match,match,match,,missing,0.722935188
record_179,d,nomatch,match,nomatch,match,match,nomatch,match,match,match,match,match,match,nomatch,nomatch,nomatch,,match,match,match,0.620320471
record_179,e,match,missing,nomatch,nomatch,nomatch,match,,missing,nomatch,nomatch,nomatch,nomatch,nomatch,nomatch,match,nomatch,match,,match,0.506155535
record_179,f,nomatch,missing,match,nomatch,match,nomatch,,missing,match,match,match,nomatch,match,nomatch,match,match,nomatch,,missing,0.779314845
record_179,g,,,nomatch,nomatch,matcha,match,matcha,matcha,,,matcha,matcha,nomatch,nomatch,match,match,nomatch,nomatch,,0.623357378
record_179,h,match,match,missing,match,missing,missing,nomatch,match,match,missing,match,nomatch,nomatch,missing,missing,missing,nomatch,missing,missing,0.632848043
record_18,a,match,nomatch,match,match,nomatch,match,match,match,match,match,,match,match,match,nomatch,match,,nomatch,match,0.727058171
record_18,b,match,nomatch,missing,match,match,match,match,match,nomatch,match,match,match,match,match,match,,match,match,missing,0.572082681
record_18,c,match,match,match,nomatch,match,match,match,match,match,match,match,match,missing,match,match,match,match,match,match,0.614138811
record_18,d,nomatch,nomatch,missing,match,match,nomatch,,missing,match,nomatch,match,nomatch,nomatch,match,match,match,match,match,match,0.682689023
record_18,e,match,match,match,match,nomatch,nomatch,match,match,nomatch,nomatch,nomatch,nomatch,missing,nomatch,match,match,nomatch,nomatch,nomatch,0.598276717
record_18,f,match,nomatch,match,match,nomatch,nomatch,nomatch,nomatch,nomatch,nomatch,nomatch,nomatch,missing,match,match,nomatch,match,match,match,0.703217416
record_18,g,matcha,nomatch,,nomatch,match,nomatch,matcha,,matcha,nomatch,match,,matcha,,match,,matcha,matcha,matcha,0.533283471
record_18,h,missing,match,nomatch,match,missing,nomatch,nomatch,match,match,missing,missing,nomatch,nomatch,match,nomatch,match,missing,match,missing,0.63542008
record_180,a,match,match,match,match,match,match,match,,match,,match,match,match,nomatch,match,missing,nomatch,nomatch,match,0.606974634
record_180,b,match,match,match,missing,match,nomatch,match,match,,match,missing,match,match,match,missing,match,match,match,match,0.588073471
record_180,c,match,nomatch,match,match,match,match,match,match,match,missing,match,nomatch,nomatch,nomatch,match,match,match,match,match,0.670935032
record_180,d,match,match,match,match,match,match,match,match,missing,nomatch,match,match,match,match,match,nomatch,match,match,match,0.563343018
record_180,e,nomatch,nomatch,nomatch,nomatch,match,match,match,nomatch,match,match,nomatch,nomatch,match,match,match,match,nomatch,nomatch,match,0.564856433
record_180,f,match,match,nomatch,match,match,match,nomatch,match,nomatch,missing,match,nomatch,match,nomatch,match,match,match,nomatch,nomatch,0.528935987
record_180,g,,matcha,matcha,,,,matcha,match,,nomatch,,,,nomatch,nomatch,match,match,match,,0.666770331
record_180,h,nomatch,nomatch,match,missing,match,nomatch,match,match,match,missing,nomatch,match,nomatch,missing,match,missing,missing,missing,nomatch,0.666153029
record_181,a,match,nomatch,match,match,,match,match,nomatch,match,match,match,match,match,match,match,nomatch,missing,nomatch,match,0.437021894
record_181,b,match,match,match,match,match,nomatch,match,missing,nomatch,match,match,missing,match,match,nomatch,match,missing,match,match,0.680282913
record_181,c,match,nomatch,missing,match,match,match,match,missing,match,missing,match,nomatch,match,nomatch,match,match,match,,match,0.592500205
record_181,d,match,match,match,nomatch,nomatch,match,match,match,match,nomatch,nomatch,nomatch,match,match,nomatch,match,match,match,match,0.651723162
record_181,e,match,match,missing,match,match,nomatch,match,match,nomatch,missing,match,match,nomatch,nomatch,nomatch,nomatch,nomatch,,nomatch,0.622025545
record_181,f,nomatch,match,missing,nomatch,match,nomatch,nomatch,missing,match,missing,match,match,match,nomatch,nomatch,nomatch,nomatch,missing,nomatch,0.554168339
record_181,g,matcha,match,matcha,,matcha,,nomatch,match,nomatch,,,nomatch,,,nomatch,nomatch,nomatch,matcha,matcha,0.586426349
record_181,h,missing,missing,missing,nomatch,,missing,match,missing,match,nomatch,nomatch,match,match,nomatch,missing,nomatch,nomatch,nomatch,missing,0.645711724
record_182,a,match,match,match,nomatch,match,,nomatch,match,match,match,missing,match,match,,match,missing,nomatch,nomatch,match,0.670237215
record_182,b,match,match,nomatch,match,match,match,match,missing,missing,match,match,match,match,match,nomatch,match,match,missing,missing,0.645481733
record_182,c,match,missing,nomatch,match,match,,nomatch,match,match,match,match,match,nomatch,missing,match,match,match,match,missing,0.582134701
record_182,d,nomatch,nomatch,match,match,match,match,match,nomatch,match,match,match,match,match,match,match,match,match,nomatch,nomatch,0.590587748
record_182,e,nomatch,missing,match,match,match,match,match,nomatch,match,match,nomatch,nomatch,nomatch,match,nomatch,match,match,match,missing,0.712167246
record_182,f,nomatch,missing,nomatch,match,match,,nomatch,match,nomatch,nomatch,nomatch,match,nomatch,missing,nomatch,match,nomatch,match,missing,0.595028067
record_182,g,,nomatch,,nomatch,,nomatch,matcha,matcha,matcha,,match,,,match,nomatch,nomatch,match,match,,0.526516965
record_182,h,match,nomatch,nomatch,match,nomatch,match,missing,missing,missing,missing,missing,match,nomatch,,match,nomatch,match,nomatch,nomatch,0.714992957
record_183,a,missing,match,match,match,nomatch,match,match,match,match,nomatch,match,match,match,match,match,nomatch,missing,nomatch,match,0.547413163
record_183,b,match,missing,match,match,match,match,match,match,nomatch,nomatch,nomatch,match,match,missing,nomatch,match,match,match,missing,0.707270126
record_183,c,match,match,match,match,match,match,match,match,match,nomatch,match,match,missing,missing,match,match,match,match,missing,0.496187569
record_183,d,match,nomatch,match,match,match,,match,nomatch,match,,nomatch,nomatch,match,match,nomatch,match,nomatch,match,nomatch,0.58855231
record_183,e,nomatch,match,match,nomatch,match,nomatch,nomatch,match,match,nomatch,nomatch,match,missing,match,match,nomatch,nomatch,nomatch,match,0.473851601
record_183,f,match,match,nomatch,nomatch,nomatch,nomatch,match,nomatch,match,nomatch,match,match,missing,missing,nomatch,match,nomatch,match,missing,0.59291353
record_183,g,nomatch,matcha,matcha,,match,nomatch,nomatch,,,match,nomatch,matcha,matcha,nomatch,,match,nomatch,match,nomatch,0.797586494
record_183,h,missing,nomatch,nomatch,match,match,nomatch,nomatch,nomatch,nomatch,missing,match,nomatch,missing,nomatch,missing,missing,nomatch,match,nomatch,0.608759518
record_184,a,match,match,,match,match,match,match,match,nomatch,match,missing,match,match,match,match,missing,nomatch,nomatch,match,0.523531837
record_184,b,match,match,missing,match,match,match,match,missing,nomatch,match,match,match,match,match,nomatch,missing,missing,missing,missing,0.637727661
record_184,c,missing,match,match,match,match,match,match,nomatch,match,missing,match,match,match,missing,match,match,match,nomatch,match,0.643990054
record_184,d,match,match,match,nomatch,missing,match,nomatch,match,match,nomatch,match,nomatch,nomatch,match,match,match,match,nomatch,match,0.550977964
record_184,e,match,nomatch,nomatch,match,nomatch,nomatch,match,match,match,missing,match,nomatch,nomatch,missing,nomatch,nomatch,match,match,nomatch,0.507238584
record_184,f,missing,match,match,nomatch,match,match,match,nomatch,match,missing,nomatch,match,match,missing,nomatch,match,nomatch,nomatch,match,0.523269217
record_184,g,,,match,,,,nomatch,nomatch,matcha,,match,matcha,matcha,,nomatch,nomatch,matcha,nomatch,matcha,0.758979827
record_184,h,match,nomatch,match,nomatch,nomatch,nomatch,nomatch,nomatch,nomatch,nomatch,nomatch,missing,match,missing,missing,missing,nomatch,match,missing,0.652498095
record_185,a,match,match,match,match,match,nomatch,match,match,match,match,match,nomatch,match,match,missing,nomatch,,nomatch,match,0.668166845
record_185,b,match,match,match,nomatch,match,missing,match,match,missing,match,match,match,match,nomatch,match,match,match,match,missing,0.728368159
record_185,c,missing,match,missing,match,match,match,missing,match,match,match,match,match,match,nomatch,match,nomatch,match,match,nomatch,0.72830187
record_185,d,nomatch,match,match,missing,,match,match,match,nomatch,match,nomatch,match,match,match,match,match,match,match,nomatch,0.501292792
record_185,e,match,match,match,nomatch,nomatch,nomatch,missing,nomatch,match,nomatch,match,match,match,match,nomatch,match,nomatch,match,match,0.618270369
record_185,f,missing,nomatch,missing,match,match,nomatch,missing,match,match,match,nomatch,match,match,nomatch,nomatch,nomatch,nomatch,nomatch,match,0.625822428
record_185,g,matcha,nomatch,nomatch,,,matcha,,matcha,,nomatch,nomatch,match,,matcha,nomatch,nomatch,match,nomatch,matcha,0.616197979
record_185,h,missing,match,nomatch,missing,nomatch,match,nomatch,missing,missing,nomatch,nomatch,match,match,nomatch,nomatch,match,,missing,missing,0.594199804
record_186,a,match,match,match,match,match,match,match,,match,match,match,match,missing,missing,missing,nomatch,nomatch,missing,match,0.55063367
record_186,b,match,missing,missing,missing,match,match,match,match,missing,match,match,match,match,match,nomatch,match,match,match,match,0.39877774
record_186,c,match,nomatch,match,match,match,match,match,match,nomatch,match,match,match,match,match,nomatch,match,match,match,match,0.394245134
record_186,d,nomatch,match,match,match,match,match,match,match,match,match,nomatch,match,match,match,match,match,match,match,nomatch,0.64704919
record_186,e,match,match,match,nomatch,nomatch,match,nomatch,match,match,match,nomatch,nomatch,match,match,nomatch,match,nomatch,nomatch,nomatch,0.659488729
record_186,f,match,match,match,nomatch,nomatch,nomatch,nomatch,nomatch,nomatch,match,match,nomatch,match,match,match,match,match,match,nomatch,0.583746174
record_186,g,,matcha,nomatch,matcha,matcha,matcha,,match,,,,,match,match,matcha,nomatch,matcha,match,,0.408104492
record_186,h,nomatch,nomatch,missing,missing,nomatch,nomatch,nomatch,,nomatch,nomatch,nomatch,nomatch,nomatch,nomatch,missing,missing,match,nomatch,nomatch,0.724917494
record_187,a,match,match,match,match,match,match,match,match,match,match,missing,match,match,missing,match,nomatch,nomatch,nomatch,missing,0.609030653
record_187,b,match,missing,match,match,match,missing,missing,match,nomatch,match,nomatch,missing,match,match,missing,match,nomatch,match,match,0.69629515
record_187,c,match,match,nomatch,match,match,match,match,match,match,match,match,match,match,nomatch,nomatch,match,match,match,match,0.508954175
record_187,d,match,nomatch,match,nomatch,nomatch,nomatch,match,nomatch,match,nomatch,match,match,nomatch,nomatch,nomatch,match,match,match,nomatch,0.626400864
record_187,e,match,match,match,nomatch,nomatch,match,match,nomatch,nomatch,nomatch,match,match,nomatch,match,match,match,match,nomatch,match,0.535885736
record_187,f,nomatch,match,match,nomatch,match,match,nomatch,nomatch,match,match,nomatch,nomatch,match,match,nomatch,nomatch,match,match,nomatch,0.453297013
record_187,g,nomatch,matcha,matcha,,,,nomatch,nomatch,nomatch,nomatch,match,nomatch,,nomatch,,match,match,matcha,match,0.46033464
record_187,h,missing,nomatch,missing,nomatch,match,missing,match,nomatch,nomatch,nomatch,nomatch,nomatch,missing,nomatch,missing,missing,match,match,nomatch,0.488875234
record_188,a,match,match,match,match,nomatch,match,match,match,match,missing,match,,match,missing,match,missing,match,nomatch,,0.726816598
record_188,b,nomatch,match,missing,match,missing,match,match,nomatch,missing,match,match,match,match,missing,match,match,match,match,match,0.541838466
record_188,c,nomatch,nomatch,match,match,match,match,match,nomatch,match,match,nomatch,missing,match,match,nomatch,match,match,match,match,0.650207011
record_188,d,nomatch,match,match,nomatch,nomatch,match,match,match,match,nomatch,match,match,nomatch,match,match,match,match,match,missing,0.473442476
record_188,e,nomatch,nomatch,match,nomatch,nomatch,match,match,match,match,match,match,match,nomatch,match,nomatch,match,nomatch,nomatch,nomatch,0.653766923
record_188,f,nomatch,match,match,match,match,nomatch,match,nomatch,match,nomatch,match,missing,nomatch,match,nomatch,match,nomatch,match,nomatch,0.604224375
record_188,g,nomatch,matcha,,,match,,nomatch,matcha,,matcha,,match,nomatch,match,matcha,match,,match,match,0.565116197
record_188,h,missing,nomatch,nomatch,nomatch,missing,nomatch,match,nomatch,missing,missing,nomatch,match,nomatch,missing,missing,missing,nomatch,missing,,0.484745051
record_189,a,match,match,match,match,match,match,match,match,match,match,match,match,match,match,match,nomatch,nomatch,nomatch,match,0.601906577
record_189,b,match,match,match,missing,missing,,match,missing,,match,match,missing,match,match,nomatch,match,match,match,match,0.539895702
record_189,c,match,match,match,match,match,match,match,nomatch,match,match,match,match,nomatch,nomatch,match,match,match,match,match,0.554986458
record_189,d,match,match,match,nomatch,nomatch,match,match,nomatch,match,nomatch,match,nomatch,nomatch,nomatch,match,match,match,missing,match,0.595798124
record_189,e,nomatch,nomatch,nomatch,match,match,match,nomatch,nomatch,match,match,nomatch,nomatch,nomatch,nomatch,match,nomatch,nomatch,nomatch,nomatch,0.600510761
record_189,f,nomatch,nomatch,match,match,nomatch,nomatch,match,match,nomatch,match,nomatch,match,match,nomatch,nomatch,nomatch,nomatch,match,nomatch,0.622013061
record_189,g,nomatch,,matcha,,,,matcha,,,matcha,matcha,,matcha,,,match,matcha,nomatch,,0.786619567
record_189,h,nomatch,missing,match,match,nomatch,match,nomatch,nomatch,match,nomatch,missing,nomatch,nomatch,nomatch,nomatch,nomatch,missing,match,nomatch,0.634608211
record_19,a,nomatch,match,match,match,missing,nomatch,match,match,match,match,match,match,nomatch,match,match,missing,nomatch,nomatch,match,0.757034765
record_19,b,match,match,match,match,match,match,missing,match,nomatch,missing,missing,match,missing,match,match,nomatch,missing,match,missing,0.675985602
record_19,c,match,match,missing,match,match,match,match,nomatch,match,match,match,match,nomatch,nomatch,nomatch,match,match,match,match,0.610197493
record_19,d,match,nomatch,missing,nomatch,match,match,nomatch,match,match,missing,nomatch,nomatch,match,match,match,match,match,nomatch,missing,0.631358261
record_19,e,nomatch,nomatch,missing,nomatch,nomatch,nomatch,nomatch,match,nomatch,nomatch,match,nomatch,match,match,nomatch,match,match,nomatch,match,0.73897945
record_19,f,nomatch,match,missing,match,match,nomatch,nomatch,match,nomatch,match,match,match,nomatch,match,nomatch,match,nomatch,nomatch,match,0.617917276
record_19,g,match,,nomatch,matcha,match,match,nomatch,matcha,nomatch,nomatch,matcha,nomatch,match,matcha,nomatch,match,match,nomatch,matcha,0.541476789
record_19,h,match,match,match,nomatch,missing,match,missing,nomatch,nomatch,match,nomatch,missing,match,missing,match,missing,match,missing,nomatch,0.631176657
record_190,a,nomatch,match,match,match,match,match,nomatch,match,match,match,match,match,missing,match,match,,nomatch,nomatch,match,0.778907058
record_190,b,match,match,missing,nomatch,match,nomatch,match,match,nomatch,match,,missing,match,missing,nomatch,missing,nomatch,match,match,0.572765112
record_190,c,match,match,missing,match,match,match,match,match,nomatch,nomatch,missing,match,missing,match,match,match,match,match,match,0.668063395
record_190,d,nomatch,match,nomatch,nomatch,nomatch,match,match,match,match,match,,match,nomatch,match,match,missing,nomatch,match,nomatch,0.530843748
record_190,e,match,nomatch,missing,nomatch,nomatch,match,nomatch,nomatch,nomatch,match,match,nomatch,missing,nomatch,nomatch,nomatch,match,match,nomatch,0.679467373
record_190,f,match,match,missing,match,match,match,nomatch,match,nomatch,nomatch,missing,match,missing,match,nomatch,match,nomatch,match,nomatch,0.646841271
record_190,g,nomatch,matcha,,matcha,nomatch,matcha,matcha,,,,nomatch,,matcha,matcha,nomatch,matcha,nomatch,match,,0.547613012
record_190,h,match,nomatch,missing,nomatch,nomatch,missing,match,nomatch,match,nomatch,nomatch,match,missing,match,nomatch,match,nomatch,missing,nomatch,0.662099463
record_191,a,match,match,missing,match,match,nomatch,match,match,match,nomatch,nomatch,match,match,match,match,nomatch,nomatch,nomatch,match,0.525636344
record_191,b,match,match,match,match,match,missing,match,match,nomatch,missing,nomatch,match,match,missing,nomatch,match,match,match,missing,0.524121561
record_191,c,match,match,missing,match,match,match,match,match,match,nomatch,match,nomatch,nomatch,match,match,match,match,nomatch,missing,0.665895747
record_191,d,match,match,nomatch,nomatch,match,match,nomatch,match,nomatch,match,match,match,match,match,nomatch,match,match,match,match,0.673306086
record_191,e,nomatch,nomatch,match,match,match,match,nomatch,nomatch,nomatch,match,nomatch,match,nomatch,nomatch,nomatch,match,nomatch,nomatch,match,0.623607272
record_191,f,match,nomatch,missing,nomatch,nomatch,match,nomatch,nomatch,match,match,nomatch,match,nomatch,nomatch,match,match,match,nomatch,missing,0.54018381
record_191,g,nomatch,nomatch,matcha,,,nomatch,matcha,,nomatch,matcha,match,nomatch,,nomatch,,nomatch,match,match,matcha,0.513596124
record_191,h,nomatch,nomatch,nomatch,nomatch,missing,nomatch,nomatch,match,nomatch,match,match,nomatch,missing,missing,missing,missing,match,match,missing,0.35986144
record_192,a,match,nomatch,missing,match,match,match,match,match,match,match,nomatch,match,nomatch,match,match,nomatch,nomatch,nomatch,match,0.564995898
record_192,b,match,match,match,missing,match,missing,match,match,nomatch,missing,match,nomatch,match,match,match,match,match,match,missing,0.69391937
record_192,c,match,match,match,match,match,match,match,nomatch,nomatch,nomatch,missing,missing,match,nomatch,match,match,match,match,nomatch,0.480928183
record_192,d,nomatch,nomatch,match,match,match,match,match,match,match,match,match,match,match,match,nomatch,nomatch,match,match,nomatch,0.340132362
record_192,e,nomatch,nomatch,match,match,nomatch,match,match,match,match,nomatch,match,match,match,match,match,nomatch,nomatch,match,match,0.676185388
record_192,f,match,match,nomatch,match,nomatch,nomatch,nomatch,match,nomatch,match,missing,missing,match,match,match,nomatch,nomatch,match,nomatch,0.650056444
record_192,g,nomatch,nomatch,match,,matcha,,matcha,nomatch,nomatch,,match,,matcha,,matcha,nomatch,nomatch,match,matcha,0.493577928
record_192,h,missing,missing,missing,missing,match,nomatch,nomatch,nomatch,missing,nomatch,missing,nomatch,missing,nomatch,match,missing,nomatch,nomatch,missing,0.503554308
record_193,a,match,,match,match,match,missing,match,match,match,match,match,nomatch,match,match,match,nomatch,nomatch,nomatch,match,0.540641177
record_193,b,missing,missing,match,match,match,missing,match,match,nomatch,match,missing,match,match,match,nomatch,missing,,match,match,0.592257303
record_193,c,match,nomatch,match,match,match,match,match,nomatch,match,missing,match,match,missing,match,nomatch,match,match,match,match,0.640206195
record_193,d,match,match,nomatch,match,match,match,match,match,match,match,nomatch,match,nomatch,match,nomatch,nomatch,match,nomatch,match,0.539345946
record_193,e,match,nomatch,match,nomatch,nomatch,match,match,match,nomatch,missing,match,nomatch,match,match,nomatch,match,match,nomatch,nomatch,0.483981615
record_193,f,match,match,nomatch,match,nomatch,nomatch,nomatch,nomatch,nomatch,missing,nomatch,match,missing,match,nomatch,match,match,nomatch,nomatch,0.523532465
record_193,g,,nomatch,nomatch,,matcha,matcha,nomatch,,,,nomatch,match,,,matcha,matcha,matcha,matcha,nomatch,0.594001189
record_193,h,nomatch,,nomatch,missing,nomatch,missing,nomatch,nomatch,nomatch,match,nomatch,match,match,nomatch,nomatch,missing,missing,match,nomatch,0.724728527
record_194,a,match,match,,match,nomatch,match,match,match,match,match,match,match,match,match,match,missing,nomatch,missing,match,0.557740828
record_194,b,match,match,match,missing,missing,match,match,match,nomatch,match,missing,missing,match,match,match,missing,match,match,missing,0.765180976
record_194,c,match,match,nomatch,missing,match,nomatch,match,match,match,missing,nomatch,nomatch,nomatch,match,nomatch,match,match,match,match,0.59213878
record_194,d,,match,match,nomatch,nomatch,match,match,missing,match,match,match,match,match,nomatch,match,match,match,nomatch,nomatch,0.752514005
record_194,e,nomatch,match,match,match,match,nomatch,match,match,match,missing,match,match,nomatch,match,match,nomatch,nomatch,match,match,0.367781563
record_194,f,match,match,match,missing,nomatch,match,match,match,nomatch,missing,match,match,match,match,match,nomatch,nomatch,nomatch,nomatch,0.525204624
record_194,g,,,match,matcha,match,matcha,,matcha,,,,,,,nomatch,match,matcha,matcha,nomatch,0.627060738
record_194,h,match,missing,match,nomatch,match,nomatch,nomatch,missing,match,nomatch,nomatch,missing,match,missing,missing,missing,missing,nomatch,missing,0.553589585
record_195,a,match,,match,match,missing,match,match,match,match,match,match,,match,match,match,nomatch,nomatch,,match,0.673036453
record_195,b,match,match,match,match,missing,match,missing,match,nomatch,match,match,missing,match,missing,match,match,match,match,match,0.523180104
record_195,c,missing,match,match,match,match,missing,match,match,match,missing,match,match,match,match,match,match,match,match,match,0.808912794
record_195,d,match,match,match,match,match,match,match,match,match,match,nomatch,nomatch,nomatch,nomatch,match,match,match,match,match,0.503730646
record_195,e,missing,nomatch,match,nomatch,match,match,match,match,match,match,match,nomatch,match,nomatch,match,nomatch,match,nomatch,nomatch,0.622158155
record_195,f,missing,match,nomatch,match,nomatch,missing,nomatch,nomatch,match,missing,match,match,match,nomatch,nomatch,nomatch,nomatch,match,match,0.568783208
record_195,g,,matcha,matcha,matcha,nomatch,,,nomatch,nomatch,nomatch,,match,,nomatch,nomatch,match,match,match,nomatch,0.479467256
record_195,h,nomatch,match,nomatch,missing,nomatch,nomatch,nomatch,missing,missing,nomatch,nomatch,match,nomatch,missing,missing,match,missing,,missing,0.910130524
record_196,a,nomatch,match,,match,match,match,match,match,match,match,match,match,match,match,missing,nomatch,,match,match,0.4333669
record_196,b,match,match,match,match,missing,match,nomatch,missing,nomatch,missing,missing,match,match,missing,match,missing,missing,missing,match,0.495305384
record_196,c,match,missing,missing,missing,match,match,match,match,nomatch,match,missing,nomatch,match,match,missing,match,match,match,match,0.570449903
record_196,d,missing,match,match,match,match,nomatch,match,match,match,match,match,nomatch,match,missing,nomatch,missing,match,nomatch,match,0.62103289
record_196,e,match,match,missing,missing,match,match,nomatch,nomatch,nomatch,match,missing,match,match,match,match,match,match,nomatch,nomatch,0.637565723
record_196,f,match,missing,missing,missing,nomatch,match,match,match,nomatch,match,missing,match,match,match,missing,nomatch,nomatch,nomatch,nomatch,0.651524217
record_196,g,match,,matcha,nomatch,matcha,,,nomatch,matcha,nomatch,nomatch,,,,nomatch,match,matcha,,,0.717815815
record_196,h,match,nomatch,match,nomatch,nomatch,nomatch,nomatch,match,match,nomatch,match,nomatch,nomatch,missing,missing,match,match,nomatch,missing,0.728329647
record_197,a,match,match,match,match,match,nomatch,nomatch,match,nomatch,match,match,match,nomatch,nomatch,match,missing,missing,,missing,0.61658808
record_197,b,missing,match,match,match,match,match,missing,missing,nomatch,missing,match,missing,match,nomatch,match,match,match,match,match,0.692934442
record_197,c,nomatch,match,match,match,match,match,missing,match,match,match,missing,match,missing,nomatch,match,match,match,match,match,0.623579454
record_197,d,nomatch,match,missing,match,match,match,match,match,match,match,match,nomatch,match,match,nomatch,match,match,nomatch,match,0.699486165
record_197,e,match,nomatch,nomatch,match,match,match,missing,match,match,nomatch,missing,match,missing,match,match,nomatch,nomatch,match,nomatch,0.464329839
record_197,f,nomatch,nomatch,match,match,match,match,missing,nomatch,match,match,missing,match,missing,nomatch,match,match,match,nomatch,match,0.523993969
record_197,g,,matcha,matcha,nomatch,,match,match,matcha,nomatch,matcha,matcha,,nomatch,nomatch,,match,match,nomatch,matcha,0.704513035
record_197,h,missing,match,nomatch,nomatch,nomatch,nomatch,match,missing,missing,missing,nomatch,nomatch,match,match,missing,nomatch,nomatch,missing,nomatch,0.624494901
record_198,a,match,match,match,match,match,match,match,match,match,missing,match,match,match,match,match,nomatch,nomatch,nomatch,match,0.602333281
record_198,b,missing,match,match,match,match,missing,nomatch,match,nomatch,missing,match,missing,nomatch,nomatch,match,match,match,nomatch,missing,0.652683726
record_198,c,match,missing,nomatch,match,match,match,match,missing,match,match,missing,nomatch,match,match,match,match,match,match,match,0.530327709
record_198,d,match,match,match,match,nomatch,nomatch,nomatch,match,nomatch,match,match,match,match,nomatch,match,nomatch,match,match,match,0.596120877
record_198,e,match,match,match,match,nomatch,match,nomatch,match,nomatch,nomatch,match,nomatch,match,nomatch,match,match,match,nomatch,match,0.742530404
record_198,f,match,missing,match,match,nomatch,match,nomatch,missing,match,nomatch,missing,nomatch,nomatch,nomatch,match,match,nomatch,nomatch,nomatch,0.631721825
record_198,g,,matcha,,,matcha,,,matcha,,nomatch,matcha,,,,matcha,match,match,match,,0.64605398
record_198,h,missing,nomatch,match,nomatch,missing,missing,match,nomatch,nomatch,nomatch,missing,nomatch,match,nomatch,nomatch,match,match,match,match,0.554625833
record_199,a,nomatch,match,match,match,match,match,match,match,match,match,match,nomatch,match,,match,nomatch,nomatch,missing,match,0.654768864
record_199,b,missing,missing,match,nomatch,match,match,nomatch,match,missing,match,missing,match,match,match,nomatch,match,match,match,match,0.502592962
record_199,c,nomatch,match,match,match,match,nomatch,match,match,nomatch,match,nomatch,match,match,match,missing,match,match,match,match,0.478802545
record_199,d,match,nomatch,missing,nomatch,match,nomatch,missing,nomatch,match,match,nomatch,match,match,match,match,match,match,match,match,0.659777506
record_199,e,nomatch,nomatch,nomatch,nomatch,nomatch,nomatch,nomatch,match,nomatch,match,nomatch,match,nomatch,nomatch,match,nomatch,match,nomatch,nomatch,0.623051547
record_199,f,nomatch,match,nomatch,match,nomatch,match,match,nomatch,match,nomatch,nomatch,match,match,match,missing,match,match,match,nomatch,0.576298174
record_199,g,match,,nomatch,,,,nomatch,matcha,,matcha,,match,,match,matcha,nomatch,match,match,,0.546905318
record_199,h,missing,match,nomatch,nomatch,nomatch,nomatch,nomatch,match,nomatch,missing,missing,missing,nomatch,match,nomatch,nomatch,match,nomatch,match,0.558915897
record_2,a,match,match,match,match,match,match,match,match,match,match,match,nomatch,match,match,match,nomatch,nomatch,nomatch,missing,0.504495969
record_2,b,nomatch,match,match,match,match,match,match,match,nomatch,missing,match,missing,missing,missing,missing,match,match,match,match,0.693618446
record_2,c,match,missing,match,nomatch,match,match,match,match,match,match,match,nomatch,match,match,nomatch,match,match,match,nomatch,0.555735466
record_2,d,match,match,nomatch,match,missing,missing,nomatch,nomatch,match,match,match,match,match,match,match,nomatch,match,match,match,0.548155902
record_2,e,nomatch,missing,nomatch,nomatch,match,nomatch,match,nomatch,nomatch,match,nomatch,match,nomatch,match,nomatch,match,nomatch,nomatch,match,0.567406904
record_2,f,match,missing,nomatch,match,nomatch,match,match,nomatch,nomatch,nomatch,nomatch,nomatch,nomatch,nomatch,match,nomatch,match,match,nomatch,0.590690252
record_2,g,nomatch,,matcha,,matcha,matcha,nomatch,matcha,,,,match,matcha,matcha,matcha,match,matcha,nomatch,match,0.626733319
record_2,h,match,nomatch,missing,match,match,nomatch,missing,match,nomatch,missing,nomatch,nomatch,nomatch,nomatch,missing,missing,nomatch,nomatch,missing,0.640800019
record_20,a,match,nomatch,match,,match,match,match,match,match,match,match,,match,match,match,nomatch,match,nomatch,match,0.597408539
record_20,b,match,match,match,match,match,match,match,match,nomatch,match,match,match,nomatch,missing,missing,match,match,match,match,0.721582245
record_20,c,missing,nomatch,nomatch,match,match,match,match,nomatch,missing,match,match,match,match,match,match,match,missing,match,match,0.567670638
record_20,d,match,match,nomatch,match,missing,nomatch,match,nomatch,match,nomatch,match,missing,match,match,nomatch,nomatch,match,match,match,0.617756587
record_20,e,match,match,nomatch,nomatch,match,match,match,nomatch,missing,match,nomatch,nomatch,nomatch,match,nomatch,match,match,nomatch,match,0.473736696
record_20,f,missing,nomatch,nomatch,nomatch,nomatch,match,match,match,missing,match,match,match,match,nomatch,match,match,missing,nomatch,nomatch,0.744664051
record_20,g,matcha,match,,match,,,,,,nomatch,,nomatch,,,,match,matcha,match,nomatch,0.6173811
record_20,h,nomatch,missing,nomatch,match,missing,nomatch,nomatch,nomatch,missing,nomatch,missing,,nomatch,nomatch,nomatch,match,match,match,missing,0.651621371
record_200,a,nomatch,match,match,match,match,match,match,missing,match,match,match,nomatch,match,match,match,nomatch,nomatch,nomatch,match,0.595203789
record_200,b,missing,match,match,match,match,match,match,match,nomatch,missing,missing,match,match,match,match,missing,match,,match,0.626570039
record_200,c,match,nomatch,match,match,nomatch,match,match,nomatch,match,match,match,match,match,match,match,match,match,match,match,0.554556464
record_200,d,nomatch,match,match,match,nomatch,match,nomatch,match,match,match,match,match,match,match,match,nomatch,match,match,match,0.640517102
record_200,e,match,nomatch,nomatch,nomatch,match,match,match,nomatch,match,match,match,nomatch,nomatch,nomatch,match,nomatch,match,nomatch,nomatch,0.663762568
record_200,f,match,nomatch,match,nomatch,match,match,match,nomatch,nomatch,match,match,match,match,match,match,match,nomatch,match,nomatch,0.608645982
record_200,g,match,,matcha,,,matcha,nomatch,matcha,,nomatch,nomatch,match,nomatch,nomatch,matcha,nomatch,nomatch,match,matcha,0.510465373
record_200,h,missing,nomatch,missing,nomatch,missing,missing,nomatch,missing,nomatch,match,nomatch,missing,nomatch,match,nomatch,match,nomatch,nomatch,missing,0.574496426
record_201,a,nomatch,missing,match,match,match,match,match,missing,match,match,match,match,match,nomatch,match,nomatch,nomatch,nomatch,missing,0.676269101
record_201,b,match,match,match,match,match,match,match,match,nomatch,match,missing,missing,missing,missing,missing,match,nomatch,match,match,0.493014041
record_201,c,missing,match,match,match,missing,match,match,match,match,match,nomatch,match,match,match,match,match,match,match,nomatch,0.778549133
record_201,d,match,match,match,match,match,nomatch,match,,missing,nomatch,nomatch,match,match,match,match,match,match,match,match,0.585843718
record_201,e,match,nomatch,match,nomatch,match,nomatch,nomatch,match,match,match,match,nomatch,nomatch,match,nomatch,match,nomatch,nomatch,nomatch,0.723681643
record_201,f,missing,match,nomatch,match,missing,match,match,match,match,nomatch,nomatch,match,match,nomatch,nomatch,match,match,nomatch,match,0.670315674
record_201,g,nomatch,match,,matcha,matcha,nomatch,nomatch,match,matcha,matcha,,matcha,nomatch,nomatch,,matcha,match,match,match,0.666257379
record_201,h,match,missing,nomatch,match,nomatch,match,match,missing,nomatch,nomatch,match,missing,nomatch,match,nomatch,match,match,match,missing,0.607342117
record_202,a,match,match,match,,match,match,match,match,match,match,match,match,match,match,missing,nomatch,nomatch,match,missing,0.582459473
record_202,b,match,match,match,match,match,missing,match,match,missing,match,missing,match,match,match,nomatch,match,match,match,match,0.49219814
record_202,c,match,match,missing,match,match,match,match,match,match,match,match,match,match,match,match,match,match,match,match,0.756511561
record_202,d,match,match,nomatch,nomatch,nomatch,nomatch,nomatch,match,nomatch,match,match,nomatch,match,match,match,match,match,nomatch,match,0.430134154
record_202,e,match,nomatch,match,nomatch,nomatch,match,match,nomatch,nomatch,match,match,match,match,nomatch,match,match,nomatch,nomatch,nomatch,0.533720455
record_202,f,match,match,missing,nomatch,match,match,nomatch,match,nomatch,nomatch,match,nomatch,match,nomatch,match,match,nomatch,nomatch,match,0.70516512
record_202,g,matcha,,,matcha,matcha,,matcha,nomatch,,,,,nomatch,matcha,match,match,nomatch,,match,0.364146505
record_202,h,nomatch,nomatch,missing,match,missing,match,nomatch,match,nomatch,nomatch,missing,match,nomatch,missing,nomatch,missing,match,nomatch,nomatch,0.740846053
record_203,a,match,match,,match,match,,match,match,match,nomatch,match,match,nomatch,match,,nomatch,nomatch,nomatch,nomatch,0.410544882
record_203,b,match,match,missing,match,match,match,match,missing,missing,match,missing,match,match,match,nomatch,match,,match,missing,0.373834736
record_203,c,match,nomatch,nomatch,nomatch,match,,nomatch,nomatch,match,match,match,match,match,match,match,match,nomatch,match,missing,0.608229275
record_203,d,match,match,match,nomatch,match,match,match,match,match,nomatch,match,match,match,,nomatch,nomatch,match,match,nomatch,0.751822175
record_203,e,match,match,match,match,match,,match,match,nomatch,nomatch,match,nomatch,match,nomatch,nomatch,match,match,match,missing,0.552089129
record_203,f,match,nomatch,nomatch,match,match,,nomatch,nomatch,nomatch,nomatch,match,match,match,match,nomatch,nomatch,match,nomatch,missing,0.641738305
record_203,g,,matcha,matcha,nomatch,,matcha,matcha,nomatch,nomatch,match,nomatch,,match,matcha,matcha,nomatch,nomatch,match,match,0.652529003
record_203,h,match,match,missing,nomatch,match,,nomatch,match,match,nomatch,nomatch,nomatch,nomatch,missing,match,match,nomatch,nomatch,match,0.576711892
record_204,a,match,match,nomatch,match,match,match,match,match,match,match,match,match,match,match,nomatch,,missing,nomatch,nomatch,0.697557705
record_204,b,match,match,match,missing,missing,missing,match,nomatch,nomatch,missing,match,match,match,match,missing,match,match,match,match,0.807698027
record_204,c,match,match,match,nomatch,match,match,match,match,match,nomatch,match,missing,match,match,match,match,match,match,match,0.455714457
record_204,d,match,match,match,nomatch,nomatch,match,match,match,nomatch,match,match,match,nomatch,match,match,match,match,match,match,0.535845687
record_204,e,match,nomatch,nomatch,nomatch,nomatch,match,match,nomatch,match,match,nomatch,match,match,match,match,match,match,match,match,0.777337199
record_204,f,match,nomatch,nomatch,nomatch,nomatch,nomatch,match,nomatch,nomatch,nomatch,match,missing,nomatch,nomatch,match,match,match,match,nomatch,0.782367484
record_204,g,,matcha,matcha,nomatch,,matcha,matcha,,nomatch,,,matcha,,matcha,match,match,match,match,match,0.545755336
record_204,h,nomatch,nomatch,missing,nomatch,missing,nomatch,missing,nomatch,nomatch,match,nomatch,nomatch,missing,match,missing,,missing,match,match,0.454583829
record_205,a,match,match,match,match,match,match,match,match,nomatch,match,nomatch,match,match,match,match,nomatch,,nomatch,nomatch,0.544619173
record_205,b,missing,missing,match,missing,match,match,missing,match,missing,match,match,missing,match,match,missing,missing,missing,match,missing,0.635553679
record_205,c,missing,match,match,match,match,match,match,match,match,match,nomatch,match,match,match,match,match,match,match,match,0.576797294
record_205,d,match,missing,match,match,match,nomatch,nomatch,match,nomatch,match,nomatch,nomatch,match,nomatch,match,missing,match,nomatch,match,0.703295662
record_205,e,match,nomatch,match,match,match,nomatch,match,nomatch,match,match,nomatch,match,nomatch,match,nomatch,match,match,match,nomatch,0.413109814
record_205,f,missing,match,nomatch,nomatch,nomatch,nomatch,match,nomatch,nomatch,nomatch,nomatch,nomatch,match,match,match,match,match,nomatch,match,0.576141915
record_205,g,nomatch,nomatch,matcha,,,matcha,nomatch,,match,,match,,matcha,,nomatch,matcha,nomatch,matcha,match,0.614258831
record_205,h,match,nomatch,match,nomatch,nomatch,missing,missing,nomatch,match,nomatch,missing,missing,nomatch,nomatch,nomatch,missing,match,missing,match,0.581867102
record_206,a,match,match,match,match,,match,match,match,missing,,match,match,match,missing,match,nomatch,nomatch,nomatch,nomatch,0.73727997
record_206,b,missing,match,missing,match,match,missing,missing,match,,,missing,match,match,match,nomatch,match,missing,match,match,0.53141485
record_206,c,match,match,nomatch,match,match,match,match,missing,match,missing,nomatch,nomatch,match,match,nomatch,match,,,match,0.509409901
record_206,d,match,nomatch,match,missing,match,missing,nomatch,match,match,match,match,match,match,match,match,nomatch,match,nomatch,nomatch,0.763525329
record_206,e,nomatch,match,match,nomatch,nomatch,match,nomatch,missing,match,match,nomatch,match,match,match,match,nomatch,,match,match,0.560359085
record_206,f,match,match,nomatch,match,nomatch,nomatch,match,missing,match,missing,match,match,match,nomatch,nomatch,match,,,match,0.567738972
record_206,g,,,matcha,nomatch,match,nomatch,matcha,nomatch,match,nomatch,,matcha,matcha,match,,match,matcha,match,match,0.598193377
record_206,h,nomatch,match,missing,match,match,nomatch,missing,missing,nomatch,missing,match,match,nomatch,missing,match,missing,match,match,missing,0.570815685
record_207,a,match,nomatch,,match,match,match,match,missing,match,nomatch,match,missing,nomatch,match,missing,missing,nomatch,nomatch,nomatch,0.772344123
record_207,b,match,match,missing,match,missing,match,,match,nomatch,match,nomatch,match,match,match,missing,match,match,match,match,0.474323344
record_207,c,match,match,missing,match,match,nomatch,match,match,match,match,match,nomatch,match,missing,match,nomatch,match,match,match,0.584124302
record_207,d,match,match,match,nomatch,nomatch,nomatch,match,nomatch,nomatch,match,nomatch,match,nomatch,match,match,missing,match,match,match,0.706483248
record_207,e,nomatch,nomatch,match,nomatch,nomatch,match,nomatch,nomatch,match,nomatch,nomatch,match,nomatch,missing,nomatch,match,nomatch,nomatch,nomatch,0.6173499
record_207,f,match,match,missing,nomatch,nomatch,match,match,match,match,nomatch,nomatch,nomatch,match,missing,match,nomatch,match,nomatch,nomatch,0.576953446
record_207,g,,nomatch,match,matcha,nomatch,nomatch,,match,,match,matcha,matcha,match,,match,match,nomatch,match,nomatch,0.558765803
record_207,h,missing,nomatch,,nomatch,nomatch,nomatch,nomatch,missing,missing,missing,missing,nomatch,match,nomatch,missing,nomatch,match,missing,match,0.647472591
record_208,a,match,match,match,missing,match,match,match,nomatch,match,match,match,match,nomatch,match,match,missing,,nomatch,match,0.563176211
record_208,b,match,missing,match,missing,match,match,missing,match,nomatch,match,nomatch,match,match,match,match,nomatch,missing,match,match,0.545826532
record_208,c,match,nomatch,match,match,match,match,match,nomatch,missing,match,match,missing,missing,nomatch,match,match,match,match,match,0.450626618
record_208,d,match,nomatch,match,nomatch,match,match,match,match,match,match,match,match,match,nomatch,match,match,match,missing,match,0.687415128
record_208,e,nomatch,nomatch,match,nomatch,match,match,match,match,missing,nomatch,match,missing,match,match,match,nomatch,match,match,match,0.709052212
record_208,f,nomatch,nomatch,match,match,match,nomatch,nomatch,nomatch,missing,nomatch,nomatch,missing,missing,nomatch,nomatch,nomatch,nomatch,nomatch,match,0.617192055
record_208,g,,,matcha,match,,nomatch,nomatch,match,nomatch,,,matcha,match,,matcha,matcha,matcha,match,matcha,0.641559504
record_208,h,nomatch,nomatch,nomatch,missing,missing,nomatch,nomatch,missing,missing,nomatch,nomatch,nomatch,missing,nomatch,nomatch,nomatch,match,nomatch,nomatch,0.616799907
record_209,a,match,match,match,match,match,match,match,match,missing,match,match,nomatch,nomatch,match,match,nomatch,nomatch,,match,0.458297724
record_209,b,match,match,nomatch,missing,match,match,match,match,,match,match,match,missing,missing,match,missing,match,missing,missing,0.514832027
record_209,c,nomatch,nomatch,match,match,match,match,match,match,nomatch,nomatch,match,match,match,match,match,match,match,match,match,0.649704252
record_209,d,match,missing,missing,match,match,match,nomatch,nomatch,match,missing,nomatch,nomatch,nomatch,match,nomatch,match,match,nomatch,match,0.487949516
record_209,e,nomatch,match,match,match,nomatch,nomatch,match,nomatch,nomatch,match,match,nomatch,match,nomatch,match,nomatch,nomatch,match,match,0.562858909
record_209,f,nomatch,nomatch,match,nomatch,nomatch,match,match,match,match,nomatch,match,nomatch,nomatch,nomatch,nomatch,match,nomatch,nomatch,match,0.679407015
record_209,g,,,matcha,nomatch,matcha,,nomatch,nomatch,match,matcha,nomatch,matcha,nomatch,,matcha,match,match,match,,0.681367636
record_209,h,nomatch,missing,nomatch,nomatch,nomatch,missing,nomatch,match,nomatch,nomatch,nomatch,match,match,nomatch,nomatch,match,nomatch,match,missing,0.639320893
record_21,a,match,match,match,match,match,match,nomatch,match,match,match,,,match,nomatch,match,match,missing,match,match,0.560338557
record_21,b,match,nomatch,match,match,match,match,match,nomatch,missing,missing,match,missing,match,missing,match,nomatch,match,nomatch,missing,0.647440108
record_21,c,match,match,nomatch,nomatch,match,match,match,match,missing,match,match,nomatch,match,match,match,match,match,match,match,0.667489605
record_21,d,match,match,match,match,match,nomatch,nomatch,match,match,match,match,nomatch,match,match,match,missing,nomatch,match,match,0.524248003
record_21,e,nomatch,nomatch,nomatch,nomatch,match,match,nomatch,nomatch,match,match,match,nomatch,nomatch,match,nomatch,match,match,nomatch,nomatch,0.599809707
record_21,f,match,match,match,nomatch,nomatch,nomatch,match,match,missing,match,nomatch,nomatch,nomatch,nomatch,nomatch,match,nomatch,nomatch,nomatch,0.565685809
record_21,g,nomatch,matcha,,nomatch,nomatch,,matcha,,matcha,,nomatch,match,,matcha,matcha,,match,matcha,,0.646706673
record_21,h,match,missing,nomatch,missing,match,nomatch,missing,nomatch,missing,nomatch,match,match,missing,nomatch,nomatch,match,nomatch,nomatch,nomatch,0.671062769
record_210,a,match,nomatch,match,match,match,match,missing,match,match,match,match,match,nomatch,match,match,nomatch,nomatch,missing,match,0.737759371
record_210,b,match,missing,missing,match,match,missing,missing,missing,match,match,match,match,missing,missing,nomatch,match,match,match,match,0.62119017
record_210,c,match,match,nomatch,match,match,match,missing,missing,match,match,match,match,match,match,match,match,match,match,match,0.626196685
record_210,d,match,nomatch,match,nomatch,nomatch,nomatch,match,match,match,match,match,match,nomatch,match,nomatch,match,nomatch,match,match,0.578218095
record_210,e,nomatch,match,nomatch,match,match,match,missing,missing,nomatch,nomatch,match,nomatch,nomatch,match,nomatch,match,match,match,match,0.633418444
record_210,f,nomatch,match,nomatch,nomatch,nomatch,nomatch,missing,missing,nomatch,match,nomatch,match,match,match,nomatch,match,nomatch,match,nomatch,0.480934139
record_210,g,,match,nomatch,,nomatch,,match,matcha,,nomatch,,,match,nomatch,nomatch,nomatch,match,match,,0.707193197
record_210,h,nomatch,match,nomatch,match,nomatch,nomatch,nomatch,nomatch,nomatch,nomatch,missing,match,nomatch,nomatch,missing,match,missing,nomatch,missing,0.603666554
record_211,a,match,match,match,match,match,nomatch,match,nomatch,nomatch,match,match,match,match,match,match,nomatch,nomatch,missing,nomatch,0.411887994
record_211,b,,match,missing,missing,match,match,match,missing,nomatch,match,missing,nomatch,match,missing,nomatch,match,match,match,,0.661116928
record_211,c,nomatch,nomatch,match,missing,missing,match,match,match,nomatch,match,missing,missing,nomatch,match,match,match,match,match,match,0.608981942
record_211,d,match,nomatch,match,nomatch,,match,nomatch,match,match,nomatch,nomatch,match,nomatch,nomatch,match,,nomatch,missing,nomatch,0.392766919
record_211,e,match,nomatch,match,match,match,match,nomatch,nomatch,nomatch,nomatch,match,missing,match,nomatch,match,nomatch,nomatch,match,nomatch,0.477147011
record_211,f,nomatch,nomatch,nomatch,missing,missing,match,match,match,nomatch,nomatch,missing,missing,nomatch,match,nomatch,match,match,nomatch,match,0.66865428
record_211,g,matcha,nomatch,nomatch,matcha,nomatch,match,nomatch,matcha,nomatch,matcha,,,,,nomatch,match,match,match,match,0.502486319
record_211,h,missing,nomatch,missing,missing,match,nomatch,nomatch,missing,missing,nomatch,nomatch,nomatch,nomatch,missing,nomatch,match,match,nomatch,nomatch,0.447466658
record_212,a,nomatch,match,nomatch,match,,match,nomatch,match,match,match,match,match,nomatch,match,match,nomatch,nomatch,nomatch,,0.716230152
record_212,b,match,match,match,,,match,match,match,nomatch,match,match,,match,,nomatch,missing,match,match,match,0.596442097
record_212,c,match,match,match,match,match,match,match,nomatch,nomatch,match,match,nomatch,missing,nomatch,match,match,match,match,nomatch,0.611184134
record_212,d,match,match,nomatch,match,match,match,match,nomatch,match,nomatch,match,match,missing,match,match,nomatch,match,match,match,0.53529823
record_212,e,match,match,nomatch,match,match,nomatch,nomatch,match,match,match,match,nomatch,match,match,match,nomatch,match,match,nomatch,0.577467797
record_212,f,match,match,nomatch,match,nomatch,nomatch,match,nomatch,match,match,nomatch,match,missing,nomatch,nomatch,match,match,match,nomatch,0.391414224
record_212,g,match,nomatch,matcha,,match,matcha,nomatch,matcha,matcha,nomatch,,nomatch,matcha,nomatch,,match,matcha,nomatch,match,0.786048781
record_212,h,nomatch,nomatch,match,nomatch,missing,missing,match,nomatch,match,nomatch,match,match,nomatch,nomatch,nomatch,nomatch,missing,nomatch,match,0.782470995
record_213,a,match,match,match,missing,match,match,match,match,match,match,match,match,match,nomatch,match,nomatch,missing,match,match,0.633804664
record_213,b,,match,match,match,match,match,match,missing,nomatch,missing,match,missing,match,match,match,missing,match,match,nomatch,0.563921089
record_213,c,match,missing,match,nomatch,match,match,match,match,match,match,match,match,match,match,match,match,match,match,match,0.539202821
record_213,d,nomatch,match,match,missing,match,match,match,,match,match,match,nomatch,match,nomatch,nomatch,match,match,match,match,0.542203257
record_213,e,nomatch,match,match,match,nomatch,match,match,nomatch,nomatch,nomatch,nomatch,match,match,match,nomatch,match,match,nomatch,match,0.56276724
record_213,f,match,missing,match,match,match,match,match,match,nomatch,nomatch,match,match,match,match,match,match,match,match,nomatch,0.442801809
record_213,g,nomatch,matcha,,matcha,matcha,matcha,,matcha,,nomatch,,,,nomatch,,match,nomatch,matcha,,0.41838534
record_213,h,match,nomatch,missing,nomatch,nomatch,nomatch,nomatch,nomatch,nomatch,nomatch,nomatch,missing,match,match,missing,match,missing,missing,match,0.67521286
record_214,a,match,match,match,match,match,match,match,match,match,match,match,match,match,match,match,missing,match,,match,0.647889868
record_214,b,match,missing,match,match,missing,match,nomatch,match,nomatch,match,match,match,match,match,nomatch,match,match,match,match,0.527958557
record_214,c,match,match,match,match,match,,match,match,match,nomatch,nomatch,match,nomatch,nomatch,nomatch,match,match,match,nomatch,0.658827741
record_214,d,match,match,match,match,nomatch,nomatch,match,missing,match,match,match,match,match,nomatch,nomatch,match,match,nomatch,match,0.512438482
record_214,e,match,match,nomatch,nomatch,nomatch,match,match,nomatch,nomatch,match,match,nomatch,nomatch,match,nomatch,match,match,nomatch,nomatch,0.493237084
record_214,f,match,match,match,match,nomatch,missing,nomatch,nomatch,nomatch,match,nomatch,match,match,nomatch,match,match,match,match,match,0.750763475
record_214,g,matcha,,,,,nomatch,nomatch,nomatch,,matcha,matcha,,,,,matcha,nomatch,nomatch,matcha,0.46140414
record_214,h,missing,nomatch,nomatch,missing,nomatch,nomatch,nomatch,missing,nomatch,nomatch,match,nomatch,missing,nomatch,nomatch,missing,nomatch,,nomatch,0.656925457
record_215,a,nomatch,match,match,match,match,match,nomatch,match,match,match,match,match,match,nomatch,match,match,nomatch,nomatch,missing,0.549244522
record_215,b,match,match,match,match,nomatch,match,match,match,nomatch,nomatch,match,match,match,match,nomatch,match,match,match,match,0.561168886
record_215,c,match,match,missing,match,match,match,match,match,nomatch,missing,match,match,match,match,match,missing,missing,nomatch,match,0.547197011
record_215,d,match,nomatch,match,nomatch,nomatch,nomatch,nomatch,nomatch,match,match,match,match,match,match,match,match,match,match,match,0.594093828
record_215,e,match,match,missing,nomatch,nomatch,nomatch,nomatch,match,nomatch,missing,nomatch,nomatch,match,nomatch,match,missing,match,match,nomatch,0.531255486
record_215,f,nomatch,match,missing,nomatch,match,nomatch,nomatch,match,nomatch,missing,match,match,match,match,match,missing,missing,nomatch,match,0.507923848
record_215,g,match,matcha,,,,,match,matcha,matcha,,,nomatch,matcha,nomatch,,,matcha,match,matcha,0.440220091
record_215,h,missing,match,nomatch,match,nomatch,missing,missing,match,nomatch,missing,missing,nomatch,nomatch,match,match,nomatch,match,match,missing,0.730351673
record_216,a,match,nomatch,match,match,match,match,,match,match,match,match,match,match,match,match,match,nomatch,nomatch,match,0.549561674
record_216,b,match,match,match,match,match,match,match,match,nomatch,missing,match,missing,missing,match,match,match,match,nomatch,match,0.407320011
record_216,c,match,match,nomatch,match,match,match,match,missing,match,missing,match,missing,match,nomatch,match,match,match,missing,match,0.58525011
record_216,d,match,nomatch,,match,match,match,match,match,match,match,nomatch,match,nomatch,nomatch,match,,match,match,match,0.602952363
record_216,e,nomatch,nomatch,nomatch,nomatch,nomatch,match,nomatch,match,nomatch,missing,match,match,match,match,match,nomatch,match,missing,nomatch,0.495952367
record_216,f,nomatch,match,match,nomatch,nomatch,match,match,missing,match,missing,match,missing,nomatch,match,match,nomatch,nomatch,missing,match,0.430175036
record_216,g,,match,matcha,nomatch,,nomatch,match,nomatch,,matcha,nomatch,,,matcha,,,match,match,,0.598207204
record_216,h,missing,match,match,match,missing,nomatch,,missing,missing,nomatch,nomatch,missing,nomatch,missing,match,missing,match,match,missing,0.617451762
record_217,a,nomatch,match,missing,match,match,missing,match,nomatch,match,nomatch,match,nomatch,match,match,match,nomatch,nomatch,missing,match,0.685358298
record_217,b,match,missing,match,nomatch,match,match,nomatch,match,nomatch,match,match,nomatch,missing,match,match,missing,match,match,match,0.644899983
record_217,c,match,match,match,nomatch,match,match,match,missing,nomatch,match,match,nomatch,match,nomatch,match,match,match,match,nomatch,0.523234046
record_217,d,match,match,match,match,match,match,match,match,nomatch,nomatch,match,nomatch,nomatch,match,nomatch,,match,match,nomatch,0.69240313
record_217,e,match,nomatch,match,match,match,match,nomatch,missing,nomatch,nomatch,nomatch,nomatch,match,nomatch,nomatch,match,nomatch,nomatch,match,0.474086483
record_217,f,nomatch,nomatch,match,match,match,match,nomatch,missing,match,nomatch,nomatch,match,nomatch,nomatch,nomatch,match,nomatch,match,match,0.646537999
record_217,g,match,matcha,match,nomatch,,match,nomatch,matcha,matcha,nomatch,matcha,match,nomatch,matcha,,nomatch,nomatch,match,nomatch,0.643945636
record_217,h,match,nomatch,nomatch,match,match,missing,missing,missing,missing,missing,nomatch,match,nomatch,match,missing,match,match,missing,nomatch,0.427515486
record_218,a,missing,missing,nomatch,match,match,match,missing,match,match,match,match,match,nomatch,,match,nomatch,match,nomatch,match,0.503182514
record_218,b,missing,nomatch,match,missing,missing,match,match,match,nomatch,match,match,match,match,missing,missing,missing,match,match,match,0.639347051
record_218,c,match,match,match,match,match,missing,match,match,match,match,match,nomatch,match,match,nomatch,match,match,match,match,0.606585629
record_218,d,nomatch,match,match,match,match,match,match,match,nomatch,match,match,match,match,nomatch,match,match,match,nomatch,match,0.492288743
record_218,e,match,nomatch,match,nomatch,match,match,match,nomatch,match,match,nomatch,match,match,nomatch,match,match,match,nomatch,nomatch,0.378816157
record_218,f,match,nomatch,match,nomatch,match,missing,match,match,nomatch,nomatch,nomatch,nomatch,match,nomatch,nomatch,match,match,nomatch,nomatch,0.732834496
record_218,g,match,match,match,matcha,,nomatch,nomatch,,,nomatch,matcha,,nomatch,nomatch,,nomatch,,nomatch,matcha,0.578951272
record_218,h,nomatch,missing,nomatch,nomatch,nomatch,match,nomatch,missing,nomatch,nomatch,nomatch,missing,match,match,match,nomatch,missing,match,nomatch,0.564994358
record_219,a,match,match,match,match,match,match,nomatch,match,match,match,match,match,missing,match,match,nomatch,nomatch,nomatch,match,0.61934249
record_219,b,match,match,match,match,match,nomatch,missing,,nomatch,missing,missing,missing,match,match,nomatch,missing,match,match,missing,0.519323259
record_219,c,match,match,match,match,match,match,match,nomatch,match,match,match,missing,match,match,match,match,missing,match,match,0.505440193
record_219,d,match,match,nomatch,match,match,match,nomatch,match,match,match,nomatch,match,match,nomatch,match,nomatch,match,match,nomatch,0.661498058
record_219,e,nomatch,match,nomatch,match,nomatch,nomatch,match,match,match,nomatch,match,missing,match,nomatch,match,match,match,match,nomatch,0.613164933
record_219,f,match,nomatch,nomatch,match,nomatch,match,match,nomatch,match,match,nomatch,missing,nomatch,nomatch,match,match,missing,nomatch,nomatch,0.670912404
record_219,g,nomatch,,nomatch,,,,nomatch,matcha,matcha,,nomatch,nomatch,match,nomatch,,nomatch,match,match,matcha,0.782368452
record_219,h,nomatch,missing,nomatch,nomatch,match,nomatch,nomatch,nomatch,match,nomatch,nomatch,match,nomatch,nomatch,nomatch,match,match,match,missing,0.574490418
record_22,a,match,match,nomatch,nomatch,match,match,match,match,missing,match,nomatch,match,match,match,match,nomatch,nomatch,nomatch,nomatch,0.653567943
record_22,b,missing,match,match,match,missing,match,missing,match,missing,missing,missing,missing,match,match,match,match,match,match,nomatch,0.78798537
record_22,c,match,match,match,match,match,match,,nomatch,match,match,match,nomatch,missing,nomatch,match,match,match,match,match,0.490359196
record_22,d,match,match,match,match,nomatch,match,,match,match,match,nomatch,match,match,nomatch,nomatch,match,match,match,missing,0.642683677
record_22,e,nomatch,match,nomatch,match,nomatch,match,,nomatch,nomatch,match,nomatch,match,match,match,nomatch,nomatch,match,match,match,0.593443351
record_22,f,nomatch,nomatch,match,nomatch,match,match,missing,match,nomatch,match,nomatch,nomatch,missing,nomatch,nomatch,match,nomatch,nomatch,nomatch,0.387902761
record_22,g,,,matcha,match,matcha,nomatch,,,matcha,matcha,match,matcha,,matcha,,nomatch,match,matcha,nomatch,0.517671282
record_22,h,nomatch,match,match,match,missing,nomatch,nomatch,match,missing,nomatch,match,match,nomatch,nomatch,nomatch,match,nomatch,match,missing,0.751544429
record_220,a,match,match,nomatch,match,match,match,match,match,match,,nomatch,match,missing,match,,nomatch,match,nomatch,match,0.504539507
record_220,b,,missing,missing,missing,match,,match,match,nomatch,match,match,match,match,match,match,match,match,match,match,0.750150218
record_220,c,match,match,match,match,missing,match,match,match,match,match,match,nomatch,match,match,match,match,match,match,match,0.56786888
record_220,d,nomatch,match,missing,nomatch,match,match,match,nomatch,match,match,match,match,nomatch,match,nomatch,match,match,match,match,0.515631275
record_220,e,nomatch,match,nomatch,nomatch,match,nomatch,match,match,nomatch,nomatch,match,nomatch,nomatch,match,nomatch,match,match,match,match,0.492028249
record_220,f,nomatch,nomatch,nomatch,match,missing,match,match,match,nomatch,match,nomatch,match,nomatch,nomatch,nomatch,nomatch,match,match,nomatch,0.597177961
record_220,g,nomatch,,match,nomatch,nomatch,nomatch,,,,match,match,matcha,match,matcha,matcha,match,nomatch,matcha,,0.405297169
record_220,h,nomatch,nomatch,match,nomatch,match,missing,match,nomatch,nomatch,missing,missing,nomatch,missing,match,match,nomatch,missing,nomatch,nomatch,0.534285876
record_221,a,match,match,,match,match,match,match,match,nomatch,,match,match,match,match,match,nomatch,nomatch,nomatch,match,0.598360182
record_221,b,match,match,match,match,missing,match,match,match,nomatch,match,match,match,match,nomatch,nomatch,missing,match,match,match,0.65629362
record_221,c,match,match,match,match,match,match,match,match,match,match,match,match,match,match,match,match,match,nomatch,match,0.583882326
record_221,d,match,match,match,match,missing,match,nomatch,match,match,match,nomatch,match,missing,match,nomatch,missing,nomatch,,nomatch,0.503918893
record_221,e,match,nomatch,match,nomatch,nomatch,match,nomatch,nomatch,nomatch,match,match,match,nomatch,nomatch,match,match,nomatch,match,match,0.562844162
record_221,f,match,match,match,match,match,nomatch,match,nomatch,match,nomatch,match,match,nomatch,nomatch,nomatch,nomatch,match,nomatch,match,0.689437354
record_221,g,nomatch,matcha,match,matcha,matcha,,matcha,,matcha,match,matcha,matcha,,nomatch,,matcha,matcha,nomatch,,0.801837867
record_221,h,missing,missing,match,nomatch,nomatch,nomatch,nomatch,nomatch,missing,,nomatch,missing,nomatch,missing,missing,nomatch,missing,missing,nomatch,0.474863788
record_222,a,match,match,match,missing,match,match,match,match,match,match,nomatch,match,match,,match,nomatch,nomatch,nomatch,match,0.738682644
record_222,b,match,match,match,missing,,missing,match,match,nomatch,match,match,missing,missing,match,match,missing,match,nomatch,missing,0.609413513
record_222,c,match,missing,match,match,match,,match,match,match,match,match,match,match,missing,match,match,match,match,match,0.682415886
record_222,d,missing,match,match,missing,match,match,nomatch,match,match,match,match,match,nomatch,match,match,match,match,nomatch,match,0.639511729
record_222,e,nomatch,missing,match,nomatch,nomatch,match,nomatch,nomatch,nomatch,match,match,match,match,match,match,nomatch,match,match,nomatch,0.68251953
record_222,f,nomatch,missing,match,nomatch,match,,nomatch,nomatch,nomatch,nomatch,nomatch,nomatch,nomatch,missing,nomatch,nomatch,match,nomatch,match,0.689271434
record_222,g,,matcha,nomatch,match,,,,matcha,nomatch,matcha,matcha,nomatch,,match,nomatch,matcha,matcha,nomatch,,0.550770563
record_222,h,missing,match,match,nomatch,missing,match,missing,missing,missing,nomatch,missing,match,match,,nomatch,match,match,missing,nomatch,0.459264977
record_223,a,match,match,match,match,match,nomatch,match,match,match,nomatch,nomatch,match,match,,match,nomatch,nomatch,nomatch,missing,0.586103255
record_223,b,match,match,match,match,match,match,match,match,nomatch,match,missing,match,match,missing,nomatch,match,match,,match,0.543611738
record_223,c,match,missing,match,match,match,match,match,match,match,match,match,match,nomatch,match,missing,match,match,match,match,0.519967389
record_223,d,nomatch,nomatch,match,match,match,nomatch,match,nomatch,match,nomatch,nomatch,nomatch,nomatch,match,match,match,match,nomatch,match,0.507130475
record_223,e,match,match,match,match,nomatch,match,nomatch,nomatch,nomatch,match,nomatch,match,nomatch,match,match,match,match,nomatch,nomatch,0.563035853
record_223,f,match,missing,nomatch,nomatch,nomatch,match,match,match,match,nomatch,match,nomatch,match,match,missing,match,nomatch,match,nomatch,0.472017747
record_223,g,,,,,,matcha,,,,match,match,nomatch,,match,nomatch,match,matcha,match,match,0.709361591
record_223,h,nomatch,nomatch,missing,match,match,match,missing,nomatch,nomatch,missing,match,missing,nomatch,missing,nomatch,match,match,match,nomatch,0.749962131
record_224,a,match,match,match,,nomatch,match,match,match,match,nomatch,match,match,missing,match,match,,nomatch,nomatch,match,0.740606365
record_224,b,match,match,match,match,match,match,missing,missing,,match,match,missing,missing,match,match,match,missing,missing,missing,0.615953612
record_224,c,match,match,missing,match,match,match,match,match,match,nomatch,match,match,nomatch,nomatch,match,nomatch,match,match,missing,0.683585762
record_224,d,nomatch,nomatch,nomatch,match,match,match,match,match,nomatch,match,nomatch,match,nomatch,match,nomatch,,match,match,match,0.702446762
record_224,e,match,nomatch,match,match,nomatch,match,match,nomatch,match,nomatch,match,match,match,nomatch,match,match,nomatch,nomatch,match,0.70281309
record_224,f,match,match,missing,nomatch,nomatch,match,nomatch,nomatch,nomatch,nomatch,nomatch,match,match,nomatch,nomatch,match,match,nomatch,missing,0.620599155
record_224,g,,nomatch,,nomatch,match,nomatch,,,,match,matcha,matcha,matcha,nomatch,,match,match,match,,0.435804574
record_224,h,nomatch,nomatch,match,match,missing,nomatch,match,match,match,match,match,nomatch,nomatch,nomatch,match,match,match,nomatch,nomatch,0.589454042
record_225,a,match,,match,match,match,match,nomatch,match,match,nomatch,match,match,match,match,match,nomatch,nomatch,nomatch,nomatch,0.675307139
record_225,b,match,match,match,missing,match,match,match,match,missing,missing,,match,match,missing,match,match,match,missing,match,0.763935913
record_225,c,missing,match,match,match,match,match,match,match,match,match,match,match,missing,match,match,match,match,match,match,0.598951539
record_225,d,nomatch,match,match,nomatch,nomatch,nomatch,match,match,nomatch,nomatch,missing,match,match,match,match,nomatch,match,match,match,0.547609909
record_225,e,missing,match,match,nomatch,match,nomatch,nomatch,nomatch,nomatch,nomatch,match,nomatch,missing,nomatch,nomatch,match,nomatch,nomatch,match,0.71140944
record_225,f,missing,match,match,match,match,match,nomatch,nomatch,match,nomatch,match,match,missing,nomatch,match,nomatch,match,match,nomatch,0.379273706
record_225,g,matcha,match,,matcha,nomatch,nomatch,match,,nomatch,match,,matcha,matcha,nomatch,nomatch,nomatch,nomatch,match,match,0.404943571
record_225,h,nomatch,missing,nomatch,match,nomatch,match,missing,match,nomatch,match,nomatch,nomatch,match,missing,nomatch,nomatch,missing,match,match,0.622709089
record_226,a,match,nomatch,match,match,nomatch,match,match,match,match,,match,nomatch,match,match,match,nomatch,,nomatch,match,0.669318771
record_226,b,,match,match,match,missing,match,match,missing,nomatch,missing,missing,match,match,match,match,match,match,match,match,0.53327484
record_226,c,match,match,nomatch,match,match,match,match,match,match,match,match,nomatch,match,nomatch,nomatch,match,match,match,match,0.490218459
record_226,d,nomatch,match,nomatch,match,nomatch,nomatch,match,nomatch,match,match,match,nomatch,match,nomatch,match,nomatch,match,match,match,0.517552358
record_226,e,nomatch,match,match,nomatch,match,match,nomatch,nomatch,match,nomatch,match,match,nomatch,nomatch,nomatch,match,nomatch,nomatch,nomatch,0.652578972
record_226,f,match,match,match,nomatch,nomatch,nomatch,match,nomatch,nomatch,match,nomatch,match,match,nomatch,match,match,match,nomatch,match,0.590546053
record_226,g,,nomatch,matcha,,match,,nomatch,nomatch,nomatch,match,,match,matcha,nomatch,matcha,match,matcha,match,nomatch,0.501220686
record_226,h,nomatch,nomatch,nomatch,match,match,nomatch,match,missing,missing,,nomatch,match,nomatch,match,missing,nomatch,match,nomatch,match,0.797467324
record_227,a,match,match,match,match,match,match,match,missing,match,match,match,match,,,match,nomatch,nomatch,nomatch,missing,0.766127361
record_227,b,match,missing,match,match,missing,match,match,match,nomatch,match,match,match,missing,match,nomatch,match,nomatch,match,match,0.399401079
record_227,c,match,missing,match,match,match,match,match,match,match,nomatch,match,match,match,match,nomatch,match,match,match,nomatch,0.679476428
record_227,d,match,nomatch,match,nomatch,nomatch,match,nomatch,nomatch,match,nomatch,match,match,nomatch,match,match,match,nomatch,match,nomatch,0.72705514
record_227,e,nomatch,missing,match,match,nomatch,nomatch,match,nomatch,nomatch,match,nomatch,nomatch,nomatch,nomatch,match,nomatch,match,nomatch,match,0.493724565
record_227,f,match,missing,nomatch,match,nomatch,nomatch,nomatch,match,nomatch,nomatch,match,nomatch,match,nomatch,nomatch,nomatch,nomatch,nomatch,nomatch,0.557145529
record_227,g,,nomatch,,,matcha,matcha,,nomatch,,,matcha,matcha,nomatch,nomatch,matcha,match,matcha,match,nomatch,0.674781294
record_227,h,nomatch,nomatch,nomatch,missing,missing,nomatch,nomatch,nomatch,nomatch,nomatch,missing,nomatch,,missing,missing,match,missing,nomatch,missing,0.64953865
record_228,a,match,match,match,match,match,match,match,nomatch,,match,,match,match,match,match,missing,nomatch,nomatch,match,0.584092645
record_228,b,match,match,nomatch,match,match,match,missing,match,nomatch,match,missing,match,missing,match,nomatch,missing,match,match,match,0.614844066
record_228,c,missing,match,match,missing,nomatch,match,match,match,nomatch,nomatch,missing,match,match,match,match,match,match,match,match,0.672542537
record_228,d,match,nomatch,match,nomatch,match,missing,match,nomatch,nomatch,match,match,match,match,nomatch,match,nomatch,match,nomatch,match,0.675141861
record_228,e,missing,match,match,match,nomatch,nomatch,match,nomatch,nomatch,nomatch,missing,nomatch,match,match,nomatch,nomatch,nomatch,nomatch,match,0.700001395
record_228,f,missing,nomatch,nomatch,missing,match,match,nomatch,nomatch,match,nomatch,missing,match,match,nomatch,nomatch,match,nomatch,match,nomatch,0.486149307
record_228,g,nomatch,matcha,nomatch,,,nomatch,,match,matcha,,match,matcha,,matcha,,matcha,nomatch,matcha,matcha,0.799512984
record_228,h,match,missing,nomatch,nomatch,missing,nomatch,match,match,match,match,,nomatch,match,nomatch,match,nomatch,match,nomatch,nomatch,0.611394722
record_229,a,match,,match,match,match,match,nomatch,match,match,missing,match,,match,,missing,nomatch,nomatch,nomatch,match,0.824738669
record_229,b,match,match,match,match,nomatch,match,match,match,nomatch,missing,match,match,match,missing,nomatch,match,match,match,match,0.501844473
record_229,c,match,match,match,nomatch,,missing,match,match,nomatch,missing,match,match,match,match,nomatch,match,,nomatch,nomatch,0.69615914
record_229,d,match,match,match,match,match,match,match,nomatch,match,match,match,match,match,match,match,match,match,missing,match,0.643294318
record_229,e,nomatch,nomatch,nomatch,nomatch,,missing,match,match,nomatch,match,nomatch,match,match,nomatch,match,nomatch,match,match,match,0.571106237
record_229,f,match,match,match,match,missing,missing,match,nomatch,nomatch,missing,nomatch,nomatch,match,match,match,match,missing,nomatch,nomatch,0.501281336
record_229,g,nomatch,matcha,matcha,nomatch,matcha,,matcha,nomatch,,matcha,,match,nomatch,matcha,match,matcha,match,matcha,matcha,0.618498189
record_229,h,nomatch,match,match,nomatch,nomatch,nomatch,nomatch,match,missing,missing,nomatch,missing,missing,,nomatch,match,missing,match,missing,0.440389014
record_23,a,,match,nomatch,match,nomatch,match,match,nomatch,match,match,match,nomatch,match,nomatch,match,nomatch,nomatch,match,match,0.759225327
record_23,b,match,missing,missing,missing,missing,match,missing,match,nomatch,match,missing,missing,match,missing,nomatch,match,missing,match,match,0.722727962
record_23,c,nomatch,match,match,nomatch,match,nomatch,match,match,match,match,match,match,match,nomatch,nomatch,match,match,match,match,0.583457942
record_23,d,match,match,nomatch,match,nomatch,nomatch,match,match,match,match,nomatch,match,match,match,match,match,match,match,match,0.569091682
record_23,e,nomatch,match,nomatch,nomatch,match,match,nomatch,match,nomatch,match,nomatch,nomatch,nomatch,nomatch,match,nomatch,nomatch,nomatch,match,0.639374081
record_23,f,match,nomatch,nomatch,nomatch,match,nomatch,nomatch,nomatch,match,nomatch,match,nomatch,match,nomatch,nomatch,match,nomatch,match,match,0.631349276
record_23,g,nomatch,nomatch,match,nomatch,match,nomatch,matcha,match,matcha,,,match,,match,,nomatch,match,nomatch,,0.789600612
record_23,h,match,match,match,nomatch,nomatch,nomatch,nomatch,match,missing,nomatch,nomatch,match,nomatch,match,missing,nomatch,match,nomatch,nomatch,0.597765945
record_230,a,match,match,match,match,match,match,match,match,match,nomatch,match,match,match,match,nomatch,,nomatch,nomatch,missing,0.609156617
record_230,b,missing,match,match,missing,missing,match,match,match,nomatch,match,missing,missing,match,match,match,match,nomatch,match,match,0.670458554
record_230,c,match,nomatch,match,match,match,match,missing,match,match,match,match,nomatch,match,match,match,match,match,nomatch,match,0.622546581
record_230,d,match,match,match,match,nomatch,nomatch,nomatch,nomatch,match,match,nomatch,match,match,missing,nomatch,match,match,match,nomatch,0.504940926
record_230,e,nomatch,match,nomatch,match,match,nomatch,match,nomatch,match,match,nomatch,nomatch,nomatch,match,match,nomatch,match,match,nomatch,0.733781262
record_230,f,match,match,nomatch,nomatch,match,nomatch,missing,nomatch,nomatch,nomatch,nomatch,match,nomatch,nomatch,nomatch,nomatch,nomatch,match,match,0.656596651
record_230,g,nomatch,nomatch,,,,,,nomatch,,match,,nomatch,,nomatch,match,matcha,matcha,nomatch,nomatch,0.565815506
record_230,h,match,nomatch,nomatch,nomatch,nomatch,match,match,nomatch,match,missing,nomatch,nomatch,nomatch,match,match,match,nomatch,match,missing,0.676742727
record_231,a,match,match,match,match,match,nomatch,match,match,match,match,match,match,match,,match,nomatch,nomatch,nomatch,match,0.519632204
record_231,b,match,match,match,match,match,match,,match,missing,match,nomatch,missing,match,match,nomatch,match,nomatch,match,match,0.674185389
record_231,c,nomatch,match,missing,nomatch,match,match,match,match,match,nomatch,match,nomatch,missing,match,match,match,match,match,nomatch,0.660127716
record_231,d,match,match,match,nomatch,match,nomatch,match,match,match,nomatch,match,match,match,nomatch,match,,match,match,match,0.471260189
record_231,e,nomatch,nomatch,missing,nomatch,match,nomatch,match,nomatch,match,match,nomatch,match,match,match,match,nomatch,match,match,nomatch,0.841357711
record_231,f,nomatch,nomatch,missing,nomatch,match,nomatch,nomatch,match,nomatch,match,nomatch,match,missing,nomatch,nomatch,nomatch,nomatch,nomatch,match,0.55181832
record_231,g,matcha,,matcha,nomatch,nomatch,match,matcha,matcha,,matcha,nomatch,nomatch,,matcha,,match,match,nomatch,,0.523933532
record_231,h,match,nomatch,match,nomatch,missing,match,nomatch,nomatch,nomatch,match,nomatch,match,missing,match,missing,missing,match,match,match,0.448115015
record_232,a,match,nomatch,match,match,nomatch,match,nomatch,match,match,nomatch,match,nomatch,match,match,match,nomatch,match,match,match,0.655908355
record_232,b,missing,match,match,match,match,match,match,,nomatch,match,match,match,match,match,nomatch,match,match,match,missing,0.621412584
record_232,c,match,nomatch,match,match,match,match,match,match,match,nomatch,match,missing,missing,match,match,match,missing,match,match,0.668739882
record_232,d,match,match,match,nomatch,match,match,nomatch,nomatch,nomatch,nomatch,match,match,match,match,match,match,match,match,match,0.621397915
record_232,e,nomatch,match,match,match,match,match,nomatch,match,match,nomatch,nomatch,missing,missing,match,match,nomatch,missing,nomatch,match,0.574326572
record_232,f,match,match,match,nomatch,nomatch,match,match,nomatch,match,match,match,missing,missing,nomatch,nomatch,match,missing,nomatch,match,0.647346112
record_232,g,,match,,matcha,nomatch,,match,,,match,matcha,match,nomatch,,nomatch,nomatch,,,nomatch,0.656161597
record_232,h,nomatch,missing,nomatch,match,match,nomatch,nomatch,nomatch,missing,match,nomatch,missing,match,missing,missing,nomatch,match,nomatch,nomatch,0.47757525
record_233,a,nomatch,match,match,match,match,match,nomatch,missing,match,match,match,match,match,nomatch,match,nomatch,nomatch,nomatch,match,0.652745196
record_233,b,match,match,missing,missing,match,match,match,missing,nomatch,match,match,missing,match,missing,match,missing,match,match,match,0.602195894
record_233,c,match,missing,match,match,match,nomatch,match,nomatch,match,match,match,match,match,match,match,match,match,match,match,0.672134744
record_233,d,nomatch,match,match,match,match,missing,match,match,match,nomatch,match,missing,match,match,match,nomatch,match,match,match,0.552267732
record_233,e,match,match,nomatch,match,match,match,match,match,nomatch,nomatch,match,nomatch,match,match,nomatch,match,match,match,nomatch,0.624955735
record_233,f,nomatch,missing,match,match,nomatch,match,nomatch,match,match,match,nomatch,nomatch,nomatch,match,match,nomatch,nomatch,match,nomatch,0.694616791
record_233,g,matcha,matcha,matcha,,,matcha,match,match,,,,,,match,,match,match,match,,0.450956767
record_233,h,match,missing,missing,nomatch,nomatch,nomatch,missing,missing,match,missing,nomatch,match,missing,nomatch,missing,missing,match,nomatch,nomatch,0.668811726
record_234,a,match,match,match,match,nomatch,match,match,missing,match,match,match,,match,match,match,match,nomatch,nomatch,match,0.613745125
record_234,b,match,match,match,match,missing,match,missing,match,nomatch,,missing,missing,match,match,match,missing,match,match,match,0.765281089
record_234,c,match,nomatch,match,match,match,missing,match,match,match,nomatch,nomatch,match,match,match,match,match,match,match,match,0.566660923
record_234,d,,missing,match,nomatch,match,match,nomatch,match,match,match,nomatch,nomatch,nomatch,nomatch,,match,match,nomatch,match,0.468201328
record_234,e,nomatch,nomatch,nomatch,match,nomatch,match,match,match,nomatch,nomatch,match,match,match,nomatch,nomatch,match,nomatch,match,match,0.643965415
record_234,f,match,nomatch,nomatch,nomatch,nomatch,missing,match,nomatch,match,match,nomatch,nomatch,match,match,nomatch,nomatch,match,nomatch,match,0.692754761
record_234,g,nomatch,matcha,nomatch,nomatch,match,,,matcha,matcha,nomatch,nomatch,match,matcha,,,nomatch,match,matcha,,0.633811235
record_234,h,missing,missing,missing,nomatch,nomatch,match,nomatch,nomatch,match,missing,match,match,match,nomatch,nomatch,nomatch,match,match,missing,0.445257946
record_235,a,match,match,match,match,match,match,match,match,match,match,missing,match,match,match,match,match,,nomatch,match,0.597210248
record_235,b,missing,missing,match,missing,missing,match,match,match,nomatch,match,match,match,match,missing,match,match,match,match,match,0.621528587
record_235,c,nomatch,missing,match,match,match,match,match,match,match,nomatch,match,match,nomatch,match,match,nomatch,match,match,match,0.658607313
record_235,d,,match,match,match,match,match,match,match,match,match,match,match,match,nomatch,nomatch,nomatch,match,match,match,0.628362623
record_235,e,match,match,match,nomatch,nomatch,nomatch,match,match,match,match,match,match,nomatch,nomatch,match,match,nomatch,nomatch,nomatch,0.515726524
record_235,f,match,missing,nomatch,match,nomatch,nomatch,match,match,match,nomatch,nomatch,nomatch,match,nomatch,nomatch,match,nomatch,match,nomatch,0.514200507
record_235,g,,,,,,,,,nomatch,,nomatch,,,,,,matcha,match,,0.615258765
record_235,h,nomatch,nomatch,missing,nomatch,match,nomatch,nomatch,nomatch,match,missing,missing,match,nomatch,nomatch,nomatch,nomatch,match,nomatch,missing,0.516245394
record_236,a,missing,missing,,match,match,match,match,nomatch,match,match,match,match,match,match,match,,nomatch,,match,0.540807739
record_236,b,match,missing,match,match,match,match,match,nomatch,nomatch,nomatch,match,,missing,match,missing,missing,match,match,match,0.728001269
record_236,c,match,match,match,match,match,match,match,match,match,missing,nomatch,match,match,nomatch,match,match,match,nomatch,match,0.626665525
record_236,d,match,,match,match,match,match,match,match,match,nomatch,match,,match,match,match,match,match,nomatch,nomatch,0.60139407
record_236,e,nomatch,match,nomatch,nomatch,nomatch,nomatch,nomatch,match,match,match,match,match,match,nomatch,nomatch,match,nomatch,nomatch,nomatch,0.641770453
record_236,f,match,match,nomatch,match,match,nomatch,match,match,nomatch,missing,nomatch,match,nomatch,match,match,nomatch,nomatch,nomatch,nomatch,0.502890216
record_236,g,match,nomatch,match,,,nomatch,,match,,,matcha,,matcha,matcha,,nomatch,matcha,match,matcha,0.633331331
record_236,h,missing,missing,match,missing,nomatch,nomatch,nomatch,missing,match,nomatch,nomatch,missing,nomatch,match,nomatch,,match,match,nomatch,0.580956576
record_237,a,match,match,missing,match,match,match,,nomatch,match,match,match,match,match,match,match,nomatch,nomatch,nomatch,match,0.76733671
record_237,b,nomatch,match,missing,match,match,match,match,match,nomatch,match,,nomatch,match,match,match,missing,match,match,missing,0.386259254
record_237,c,match,match,match,match,match,match,match,nomatch,match,match,nomatch,match,nomatch,match,match,match,match,match,match,0.662851563
record_237,d,match,match,match,match,match,match,match,nomatch,nomatch,match,nomatch,match,nomatch,match,nomatch,match,match,match,nomatch,0.568493762
record_237,e,match,nomatch,match,nomatch,nomatch,nomatch,match,match,nomatch,match,nomatch,match,nomatch,match,nomatch,nomatch,match,nomatch,nomatch,0.414185942
record_237,f,nomatch,nomatch,nomatch,nomatch,match,nomatch,match,match,nomatch,match,nomatch,match,nomatch,match,match,match,nomatch,nomatch,nomatch,0.614912163
record_237,g,,,matcha,,,matcha,match,nomatch,matcha,nomatch,,,nomatch,matcha,,nomatch,match,match,,0.617494613
record_237,h,missing,nomatch,missing,nomatch,nomatch,nomatch,match,match,match,nomatch,nomatch,match,nomatch,nomatch,match,match,match,match,nomatch,0.699730996
record_238,a,,match,match,match,match,missing,match,match,match,match,match,match,match,match,match,nomatch,nomatch,,match,0.609784685
record_238,b,match,match,missing,match,,match,,match,nomatch,match,missing,match,match,match,match,match,match,missing,match,0.697217271
record_238,c,match,match,missing,match,match,match,match,nomatch,match,match,match,nomatch,match,nomatch,match,match,match,match,match,0.709301122
record_238,d,match,match,missing,match,match,match,nomatch,nomatch,nomatch,match,match,nomatch,nomatch,match,match,nomatch,match,match,nomatch,0.628118868
record_238,e,nomatch,nomatch,missing,nomatch,nomatch,nomatch,match,nomatch,nomatch,nomatch,nomatch,nomatch,nomatch,match,match,nomatch,match,match,nomatch,0.540049421
record_238,f,nomatch,nomatch,missing,nomatch,nomatch,nomatch,nomatch,match,nomatch,match,match,nomatch,nomatch,nomatch,nomatch,match,nomatch,match,match,0.547375516
record_238,g,match,,,,nomatch,nomatch,matcha,,,matcha,,nomatch,,nomatch,nomatch,match,nomatch,nomatch,,0.576347547
record_238,h,match,nomatch,nomatch,nomatch,nomatch,missing,nomatch,match,nomatch,nomatch,match,missing,match,missing,match,match,match,missing,match,0.823140111
record_239,a,match,match,nomatch,match,match,match,match,match,,nomatch,match,match,match,match,nomatch,nomatch,,nomatch,match,0.734452825
record_239,b,missing,match,nomatch,match,match,match,missing,match,missing,missing,match,match,match,match,nomatch,match,missing,match,nomatch,0.623270398
record_239,c,match,match,match,match,match,match,,nomatch,match,match,match,match,nomatch,match,nomatch,match,match,match,match,0.509581122
record_239,d,match,match,match,match,nomatch,match,match,match,match,match,match,nomatch,nomatch,match,nomatch,match,match,match,match,0.717080594
record_239,e,nomatch,match,nomatch,nomatch,nomatch,nomatch,match,match,nomatch,match,nomatch,nomatch,nomatch,match,nomatch,match,nomatch,nomatch,match,0.429453844
record_239,f,nomatch,match,nomatch,match,nomatch,match,,nomatch,match,nomatch,nomatch,match,nomatch,nomatch,match,match,nomatch,nomatch,match,0.686058867
record_239,g,nomatch,,matcha,matcha,,matcha,matcha,nomatch,matcha,nomatch,,,matcha,,matcha,match,matcha,matcha,,0.551000833
record_239,h,nomatch,missing,nomatch,nomatch,nomatch,nomatch,match,nomatch,match,missing,missing,match,nomatch,nomatch,match,match,missing,match,missing,0.69669733
record_24,a,match,match,match,match,match,match,match,match,match,match,nomatch,match,match,match,match,nomatch,nomatch,nomatch,match,0.557589072
record_24,b,match,match,missing,missing,match,missing,missing,,missing,match,match,match,missing,,match,match,match,missing,match,0.58335275
record_24,c,nomatch,match,nomatch,match,match,match,match,match,match,match,nomatch,missing,nomatch,match,missing,missing,match,nomatch,match,0.648774805
record_24,d,nomatch,match,match,match,match,match,match,nomatch,nomatch,match,match,match,match,match,match,nomatch,match,nomatch,nomatch,0.540637439
record_24,e,match,nomatch,nomatch,match,nomatch,match,nomatch,match,match,nomatch,match,missing,nomatch,nomatch,missing,missing,nomatch,nomatch,match,0.700500332
record_24,f,nomatch,nomatch,match,nomatch,nomatch,nomatch,nomatch,match,nomatch,match,nomatch,missing,nomatch,nomatch,missing,missing,nomatch,nomatch,match,0.709394121
record_24,g,matcha,,matcha,matcha,,,,,matcha,matcha,match,matcha,matcha,matcha,matcha,match,match,match,,0.714722228
record_24,h,missing,nomatch,nomatch,nomatch,match,nomatch,nomatch,nomatch,nomatch,match,missing,match,nomatch,match,missing,match,match,match,nomatch,0.428763816
record_240,a,match,,match,match,missing,nomatch,match,match,match,match,match,match,match,match,match,,nomatch,nomatch,match,0.544280842
record_240,b,match,match,missing,match,missing,match,match,match,nomatch,nomatch,match,match,match,match,nomatch,match,match,match,match,0.610039152
record_240,c,match,match,nomatch,match,missing,match,match,match,match,match,match,match,match,nomatch,match,match,nomatch,match,match,0.514861847
record_240,d,nomatch,match,match,match,nomatch,match,nomatch,match,match,match,missing,missing,match,match,match,missing,nomatch,match,nomatch,0.623598739
record_240,e,nomatch,nomatch,match,nomatch,match,match,match,nomatch,match,match,match,nomatch,match,nomatch,match,nomatch,nomatch,match,match,0.657701818
record_240,f,nomatch,match,match,nomatch,missing,nomatch,nomatch,match,nomatch,nomatch,nomatch,match,match,nomatch,nomatch,nomatch,match,match,match,0.654842032
record_240,g,,match,,,matcha,match,matcha,nomatch,nomatch,matcha,nomatch,nomatch,matcha,matcha,,match,match,match,nomatch,0.530414625
record_240,h,match,match,match,missing,nomatch,match,nomatch,missing,match,match,match,nomatch,nomatch,nomatch,match,match,match,match,missing,0.607972144
record_241,a,nomatch,match,match,nomatch,match,match,match,match,match,nomatch,match,match,nomatch,match,match,nomatch,nomatch,nomatch,match,0.614667959
record_241,b,match,match,match,match,match,match,match,missing,nomatch,match,match,match,match,match,nomatch,match,match,match,match,0.602498334
record_241,c,match,match,match,match,match,match,match,match,match,match,missing,match,nomatch,match,match,match,match,missing,match,0.594809556
record_241,d,,match,nomatch,match,match,match,match,match,match,match,nomatch,match,nomatch,match,match,match,match,match,match,0.504667377
record_241,e,match,match,match,nomatch,nomatch,nomatch,nomatch,nomatch,nomatch,nomatch,missing,match,match,match,nomatch,match,nomatch,match,match,0.534529407
record_241,f,match,match,nomatch,match,match,nomatch,nomatch,nomatch,nomatch,nomatch,missing,match,nomatch,nomatch,match,match,nomatch,missing,match,0.65123181
record_241,g,nomatch,matcha,,match,,,nomatch,nomatch,,matcha,,matcha,match,,,match,match,matcha,,0.503294485
record_241,h,missing,missing,match,nomatch,missing,nomatch,missing,nomatch,nomatch,missing,match,nomatch,missing,match,match,nomatch,nomatch,nomatch,match,0.444543034
record_242,a,match,match,match,match,match,match,match,match,match,nomatch,match,match,match,match,missing,nomatch,nomatch,nomatch,match,0.582364896
record_242,b,missing,match,match,match,match,match,match,missing,missing,match,match,match,match,match,,match,missing,missing,match,0.517993003
record_242,c,match,match,match,match,match,match,match,missing,match,match,match,match,match,nomatch,nomatch,match,match,,nomatch,0.54903156
record_242,d,match,missing,match,nomatch,match,match,match,match,nomatch,match,match,nomatch,nomatch,nomatch,nomatch,match,match,match,match,0.428109745
record_242,e,nomatch,match,match,match,nomatch,match,match,match,match,match,match,nomatch,nomatch,nomatch,match,match,nomatch,match,match,0.675627544
record_242,f,nomatch,nomatch,match,nomatch,nomatch,match,match,missing,nomatch,match,match,match,match,match,match,match,match,,nomatch,0.650413033
record_242,g,,,,,,nomatch,,,,match,,,matcha,matcha,matcha,matcha,match,match,matcha,0.476267661
record_242,h,missing,nomatch,nomatch,missing,missing,nomatch,nomatch,nomatch,nomatch,nomatch,nomatch,nomatch,nomatch,nomatch,nomatch,match,match,match,nomatch,0.509863369
record_243,a,match,match,match,match,match,match,match,missing,match,match,missing,match,match,nomatch,match,,missing,,match,0.719010626
record_243,b,match,missing,nomatch,,match,missing,missing,,nomatch,match,missing,missing,missing,missing,nomatch,match,match,match,match,0.54756315
record_243,c,match,match,match,match,match,match,missing,nomatch,nomatch,match,match,match,match,match,match,match,match,match,nomatch,0.610030315
record_243,d,nomatch,nomatch,nomatch,nomatch,match,nomatch,match,match,match,match,match,nomatch,match,nomatch,match,match,match,match,nomatch,0.537895399
record_243,e,nomatch,match,match,match,match,match,match,match,match,nomatch,nomatch,match,match,match,match,nomatch,match,nomatch,match,0.553094152
record_243,f,nomatch,nomatch,match,nomatch,nomatch,match,missing,nomatch,match,nomatch,nomatch,nomatch,nomatch,nomatch,match,match,match,match,nomatch,0.769326998
record_243,g,matcha,,matcha,nomatch,,nomatch,,match,nomatch,matcha,match,,nomatch,match,nomatch,matcha,nomatch,match,,0.632611339
record_243,h,nomatch,missing,missing,match,missing,nomatch,match,missing,nomatch,nomatch,nomatch,nomatch,match,nomatch,match,,nomatch,missing,nomatch,0.575583763
record_244,a,nomatch,match,match,match,match,nomatch,match,match,match,match,nomatch,match,match,match,match,nomatch,nomatch,,match,0.70871686
record_244,b,match,missing,match,match,match,match,missing,missing,nomatch,match,match,match,match,match,match,nomatch,match,match,missing,0.61004649
record_244,c,match,nomatch,match,match,match,match,,missing,match,match,match,nomatch,match,nomatch,match,match,match,match,match,0.590475052
record_244,d,match,match,match,match,nomatch,missing,match,nomatch,match,nomatch,match,missing,match,missing,match,nomatch,match,nomatch,match,0.521262375
record_244,e,nomatch,nomatch,nomatch,nomatch,match,match,match,missing,nomatch,match,nomatch,match,match,match,nomatch,match,nomatch,nomatch,nomatch,0.49978503
record_244,f,nomatch,match,nomatch,nomatch,match,nomatch,missing,missing,nomatch,nomatch,match,nomatch,nomatch,nomatch,nomatch,match,nomatch,nomatch,match,0.429933714
record_244,g,match,nomatch,,matcha,,nomatch,,,nomatch,nomatch,match,,,nomatch,matcha,matcha,match,nomatch,,0.53856766
record_244,h,match,nomatch,missing,missing,missing,match,nomatch,match,nomatch,match,match,missing,nomatch,match,match,match,missing,match,match,0.56876882
record_245,a,match,match,,match,match,match,match,match,match,match,match,match,match,,match,nomatch,nomatch,nomatch,missing,0.824486255
record_245,b,missing,nomatch,match,match,match,missing,match,match,missing,match,match,match,missing,match,match,missing,missing,match,nomatch,0.611430196
record_245,c,nomatch,nomatch,match,nomatch,nomatch,match,match,match,nomatch,nomatch,match,match,match,match,missing,match,match,match,nomatch,0.717520662
record_245,d,nomatch,match,nomatch,match,nomatch,match,nomatch,match,nomatch,match,match,match,match,match,match,match,match,nomatch,nomatch,0.536407322
record_245,e,nomatch,match,nomatch,match,nomatch,nomatch,nomatch,match,nomatch,match,match,match,match,match,match,nomatch,match,match,nomatch,0.702431847
record_245,f,match,nomatch,nomatch,match,nomatch,nomatch,nomatch,match,nomatch,match,match,nomatch,nomatch,nomatch,missing,nomatch,match,match,match,0.713924414
record_245,g,,matcha,match,,matcha,,nomatch,,matcha,matcha,matcha,,,matcha,nomatch,match,matcha,match,matcha,0.492526638
record_245,h,nomatch,nomatch,match,match,nomatch,nomatch,match,missing,nomatch,missing,nomatch,match,match,match,nomatch,missing,nomatch,nomatch,missing,0.654120976
record_246,a,match,match,match,match,nomatch,nomatch,match,missing,match,match,nomatch,match,match,match,match,missing,nomatch,nomatch,match,0.511860985
record_246,b,match,match,match,match,missing,match,match,match,nomatch,match,match,match,missing,match,nomatch,missing,match,missing,match,0.478518429
record_246,c,match,missing,match,match,match,match,match,nomatch,missing,match,match,missing,match,match,match,match,match,match,match,0.680851576
record_246,d,nomatch,match,match,nomatch,nomatch,match,nomatch,match,match,nomatch,nomatch,match,match,match,nomatch,nomatch,match,match,nomatch,0.477207445
record_246,e,match,match,nomatch,nomatch,nomatch,match,nomatch,match,missing,match,nomatch,missing,match,match,nomatch,match,nomatch,nomatch,nomatch,0.568969624
record_246,f,nomatch,missing,nomatch,match,nomatch,nomatch,match,nomatch,missing,nomatch,match,missing,match,nomatch,match,nomatch,nomatch,nomatch,nomatch,0.699414479
record_246,g,nomatch,,matcha,matcha,match,match,nomatch,match,nomatch,,nomatch,matcha,matcha,nomatch,,nomatch,match,match,,0.558005531
record_246,h,nomatch,match,missing,nomatch,match,nomatch,nomatch,nomatch,match,nomatch,match,nomatch,nomatch,missing,nomatch,nomatch,nomatch,missing,nomatch,0.527814238
record_247,a,nomatch,match,match,,match,match,match,nomatch,match,missing,match,match,match,missing,match,nomatch,nomatch,nomatch,match,0.638701778
record_247,b,missing,missing,missing,match,match,nomatch,match,match,missing,match,match,match,missing,match,nomatch,match,match,match,nomatch,0.800688216
record_247,c,match,match,nomatch,nomatch,match,match,match,nomatch,match,match,match,match,match,match,match,match,match,match,missing,0.693433959
record_247,d,nomatch,match,,match,match,match,match,match,nomatch,nomatch,match,match,match,match,match,match,match,match,nomatch,0.542547926
record_247,e,nomatch,nomatch,match,match,match,nomatch,match,match,nomatch,nomatch,match,nomatch,nomatch,match,nomatch,nomatch,nomatch,nomatch,match,0.647903424
record_247,f,match,match,match,match,nomatch,match,match,match,nomatch,nomatch,match,match,match,nomatch,nomatch,nomatch,nomatch,match,missing,0.773690843
record_247,g,match,,,nomatch,,nomatch,,nomatch,matcha,nomatch,,nomatch,,matcha,nomatch,match,nomatch,nomatch,nomatch,0.819606348
record_247,h,match,match,nomatch,missing,nomatch,nomatch,nomatch,missing,nomatch,missing,match,nomatch,nomatch,nomatch,nomatch,missing,match,match,missing,0.504422997
record_248,a,match,match,match,match,match,match,match,match,missing,match,match,match,match,match,nomatch,nomatch,nomatch,nomatch,match,0.726526174
record_248,b,match,match,match,match,missing,match,match,match,nomatch,nomatch,match,match,match,match,match,missing,missing,missing,match,0.588061698
record_248,c,nomatch,match,match,match,,match,match,match,match,match,nomatch,match,match,match,match,match,match,match,match,0.771896683
record_248,d,match,match,match,match,match,nomatch,nomatch,match,match,nomatch,nomatch,missing,match,match,nomatch,match,match,match,match,0.637465309
record_248,e,match,nomatch,match,match,,match,nomatch,nomatch,match,nomatch,match,match,nomatch,nomatch,match,match,match,nomatch,nomatch,0.759358705
record_248,f,match,match,nomatch,nomatch,,nomatch,nomatch,nomatch,match,match,nomatch,match,nomatch,match,match,match,match,nomatch,match,0.609282475
record_248,g,nomatch,nomatch,,,,,matcha,,match,,,,,matcha,match,match,nomatch,matcha,,0.447992595
record_248,h,match,match,nomatch,nomatch,nomatch,nomatch,missing,nomatch,nomatch,nomatch,missing,nomatch,nomatch,match,nomatch,nomatch,missing,nomatch,match,0.643495116
record_249,a,match,match,match,match,match,match,match,match,match,match,nomatch,match,match,nomatch,match,nomatch,match,match,match,0.522110562
record_249,b,missing,match,match,missing,match,match,match,match,,match,match,nomatch,match,missing,match,match,match,match,match,0.545475084
record_249,c,nomatch,nomatch,match,match,match,match,match,missing,match,match,match,match,nomatch,match,match,match,match,match,match,0.584111304
record_249,d,match,match,match,match,match,match,nomatch,nomatch,match,nomatch,nomatch,nomatch,match,nomatch,match,match,match,match,match,0.736788657
record_249,e,nomatch,nomatch,match,match,match,match,nomatch,match,nomatch,nomatch,match,match,nomatch,match,match,match,match,match,match,0.757051802
record_249,f,match,match,match,nomatch,nomatch,nomatch,match,missing,nomatch,match,nomatch,match,match,match,nomatch,match,match,match,match,0.610196293
record_249,g,nomatch,nomatch,,matcha,,,matcha,,,,nomatch,,matcha,match,,matcha,nomatch,,,0.611552365
record_249,h,nomatch,nomatch,nomatch,missing,nomatch,nomatch,match,match,nomatch,missing,nomatch,missing,nomatch,match,nomatch,nomatch,match,match,nomatch,0.538177056
record_25,a,match,match,match,,match,match,match,match,match,nomatch,match,nomatch,match,match,match,nomatch,nomatch,match,match,0.435840806
record_25,b,match,match,match,match,missing,match,missing,,nomatch,match,match,match,match,match,match,match,missing,match,match,0.565057601
record_25,c,match,match,match,match,match,match,match,match,nomatch,match,match,missing,match,match,nomatch,match,match,match,match,0.487329989
record_25,d,nomatch,match,match,missing,match,match,nomatch,nomatch,match,match,match,match,match,nomatch,missing,match,match,match,missing,0.600780297
record_25,e,match,nomatch,match,nomatch,nomatch,nomatch,nomatch,match,nomatch,nomatch,match,missing,match,nomatch,match,match,nomatch,match,nomatch,0.523235706
record_25,f,nomatch,match,match,nomatch,match,match,match,nomatch,nomatch,nomatch,nomatch,missing,match,match,match,nomatch,nomatch,match,nomatch,0.54603261
record_25,g,matcha,matcha,,matcha,,,,nomatch,,nomatch,,nomatch,,,,match,nomatch,nomatch,,0.694999417
record_25,h,match,nomatch,missing,match,missing,nomatch,match,match,nomatch,missing,nomatch,match,nomatch,nomatch,nomatch,match,nomatch,nomatch,nomatch,0.612423826
record_250,a,match,match,match,match,match,match,match,match,match,match,match,match,nomatch,match,match,match,match,match,match,0.547869241
record_250,b,missing,,match,,match,match,nomatch,match,nomatch,match,match,match,match,missing,match,missing,missing,missing,match,0.656340609
record_250,c,match,match,match,nomatch,match,match,match,nomatch,missing,missing,match,match,match,match,nomatch,match,match,match,match,0.498945812
record_250,d,match,nomatch,match,match,match,nomatch,match,match,match,nomatch,nomatch,match,match,match,match,match,match,match,missing,0.59072619
record_250,e,nomatch,match,nomatch,nomatch,match,match,match,nomatch,match,missing,match,nomatch,nomatch,match,match,match,match,match,match,0.672485139
record_250,f,match,match,match,nomatch,match,nomatch,nomatch,nomatch,missing,missing,nomatch,match,nomatch,nomatch,match,match,match,nomatch,match,0.452426933
record_250,g,,,,,,,matcha,,matcha,,matcha,,nomatch,,,matcha,,matcha,nomatch,0.654948254
record_250,h,nomatch,missing,nomatch,missing,nomatch,match,match,missing,nomatch,nomatch,nomatch,match,match,nomatch,nomatch,nomatch,nomatch,missing,missing,0.613576877
record_251,a,match,match,missing,match,match,match,missing,match,match,match,match,match,match,match,match,,match,nomatch,match,0.460850196
record_251,b,match,match,match,missing,missing,missing,match,match,nomatch,missing,missing,match,,missing,match,match,match,match,match,0.806711466
record_251,c,nomatch,match,match,match,match,match,match,match,match,match,nomatch,nomatch,match,match,match,match,match,match,nomatch,0.482696546
record_251,d,match,match,missing,nomatch,nomatch,match,nomatch,match,nomatch,match,nomatch,match,nomatch,match,match,match,match,nomatch,match,0.701692926
record_251,e,nomatch,nomatch,nomatch,match,match,nomatch,match,nomatch,nomatch,match,match,match,match,match,match,nomatch,nomatch,nomatch,match,0.316807037
record_251,f,nomatch,nomatch,match,match,match,nomatch,nomatch,match,nomatch,match,match,match,nomatch,match,match,match,match,nomatch,nomatch,0.600458352
record_251,g,matcha,matcha,nomatch,matcha,,,matcha,,,matcha,nomatch,matcha,,nomatch,,match,,match,matcha,0.663166104
record_251,h,match,match,nomatch,nomatch,nomatch,nomatch,missing,nomatch,missing,nomatch,nomatch,nomatch,missing,missing,nomatch,missing,missing,match,missing,0.78625691
record_252,a,match,match,missing,match,match,missing,missing,match,match,match,match,match,match,match,match,nomatch,match,nomatch,match,0.735827302
record_252,b,match,match,match,missing,match,match,match,match,nomatch,match,match,match,match,match,nomatch,missing,match,,missing,0.541762627
record_252,c,match,match,nomatch,match,match,match,match,match,missing,missing,nomatch,match,match,nomatch,match,match,,match,match,0.519435658
record_252,d,nomatch,match,match,match,nomatch,match,nomatch,nomatch,match,match,nomatch,match,match,nomatch,nomatch,match,match,match,nomatch,0.56842644
record_252,e,nomatch,match,nomatch,match,match,nomatch,nomatch,match,missing,match,match,nomatch,match,match,nomatch,nomatch,,match,match,0.789040915
record_252,f,nomatch,nomatch,nomatch,nomatch,match,nomatch,match,match,missing,missing,match,nomatch,nomatch,nomatch,nomatch,nomatch,missing,match,nomatch,0.435279219
record_252,g,nomatch,matcha,nomatch,,,nomatch,matcha,,,nomatch,,nomatch,,,nomatch,nomatch,nomatch,match,nomatch,0.665235222
record_252,h,missing,nomatch,nomatch,match,missing,missing,nomatch,nomatch,missing,missing,nomatch,match,nomatch,match,nomatch,nomatch,nomatch,missing,match,0.527023406
record_253,a,match,match,match,nomatch,match,match,match,match,match,match,match,match,match,match,nomatch,nomatch,match,missing,match,0.60239206
record_253,b,match,missing,match,,match,missing,match,match,,match,missing,,match,match,match,missing,missing,match,match,0.544154507
record_253,c,nomatch,nomatch,nomatch,match,match,match,match,match,match,match,match,match,nomatch,nomatch,match,match,match,match,match,0.642557354
record_253,d,match,match,nomatch,match,match,match,,nomatch,match,match,match,nomatch,nomatch,nomatch,missing,match,match,match,match,0.728172474
record_253,e,nomatch,nomatch,nomatch,match,match,match,match,nomatch,match,nomatch,match,nomatch,match,match,match,match,match,match,match,0.748791948
record_253,f,nomatch,nomatch,match,match,nomatch,nomatch,nomatch,match,nomatch,nomatch,nomatch,match,match,match,match,nomatch,nomatch,match,match,0.454084296
record_253,g,,,nomatch,nomatch,,nomatch,,nomatch,matcha,,matcha,nomatch,nomatch,,nomatch,matcha,,match,matcha,0.629743963
record_253,h,match,nomatch,match,match,nomatch,missing,nomatch,nomatch,match,missing,missing,nomatch,nomatch,missing,nomatch,nomatch,match,nomatch,missing,0.657782209
record_254,a,match,nomatch,nomatch,,match,match,match,match,match,match,match,match,match,match,match,nomatch,nomatch,nomatch,nomatch,0.632905333
record_254,b,match,match,match,match,missing,missing,missing,missing,nomatch,match,missing,match,match,match,match,match,match,nomatch,match,0.584847779
record_254,c,match,nomatch,match,nomatch,match,match,match,match,match,match,nomatch,missing,match,missing,match,match,match,match,match,0.57832692
record_254,d,nomatch,match,nomatch,nomatch,match,match,missing,nomatch,nomatch,nomatch,match,match,match,missing,match,nomatch,match,nomatch,match,0.568705505
record_254,e,match,match,nomatch,match,match,nomatch,nomatch,match,match,nomatch,match,match,nomatch,match,nomatch,nomatch,nomatch,nomatch,nomatch,0.672680809
record_254,f,match,match,match,match,nomatch,nomatch,match,match,match,nomatch,nomatch,missing,match,missing,nomatch,nomatch,nomatch,match,nomatch,0.705890768
record_254,g,,match,nomatch,match,nomatch,matcha,,,nomatch,nomatch,nomatch,,nomatch,matcha,,matcha,matcha,matcha,matcha,0.618579735
record_254,h,nomatch,nomatch,missing,match,match,missing,nomatch,nomatch,match,missing,nomatch,match,nomatch,match,nomatch,match,match,match,missing,0.606883664
record_255,a,missing,match,match,match,match,match,match,missing,match,match,match,match,match,nomatch,match,nomatch,nomatch,nomatch,match,0.736242569
record_255,b,missing,missing,match,missing,match,missing,match,match,nomatch,missing,match,match,match,match,match,match,missing,match,nomatch,0.69099244
record_255,c,match,nomatch,missing,match,match,match,match,nomatch,match,match,match,nomatch,match,missing,nomatch,nomatch,match,match,match,0.681905971
record_255,d,match,nomatch,nomatch,nomatch,match,match,match,nomatch,nomatch,match,nomatch,nomatch,match,match,nomatch,match,match,match,match,0.652753689
record_255,e,match,match,missing,match,match,nomatch,nomatch,nomatch,nomatch,match,match,nomatch,match,match,nomatch,match,match,nomatch,match,0.714275114
record_255,f,nomatch,nomatch,missing,nomatch,nomatch,nomatch,match,nomatch,nomatch,nomatch,match,match,nomatch,missing,match,match,match,nomatch,nomatch,0.790427091
record_255,g,nomatch,matcha,matcha,,matcha,,,matcha,,nomatch,nomatch,nomatch,nomatch,match,,nomatch,match,match,,0.672219376
record_255,h,missing,missing,nomatch,nomatch,match,nomatch,missing,nomatch,match,missing,match,nomatch,match,nomatch,nomatch,match,match,match,nomatch,0.651296536
record_256,a,missing,match,match,match,match,match,match,match,match,nomatch,match,match,match,match,match,missing,nomatch,nomatch,match,0.358635989
record_256,b,match,match,match,match,match,missing,match,missing,nomatch,match,match,match,missing,match,nomatch,match,match,match,missing,0.670792784
record_256,c,nomatch,match,match,match,nomatch,match,match,nomatch,match,nomatch,nomatch,match,nomatch,match,match,match,match,match,match,0.542588278
record_256,d,nomatch,nomatch,match,nomatch,missing,match,nomatch,match,,nomatch,match,,match,nomatch,nomatch,nomatch,match,match,nomatch,0.51792429
record_256,e,match,nomatch,nomatch,match,nomatch,nomatch,match,nomatch,nomatch,nomatch,match,match,nomatch,match,match,match,match,nomatch,nomatch,0.501034098
record_256,f,match,nomatch,match,nomatch,nomatch,nomatch,nomatch,match,nomatch,nomatch,nomatch,match,match,nomatch,nomatch,nomatch,match,match,nomatch,0.619772582
record_256,g,matcha,,matcha,matcha,nomatch,,matcha,,matcha,match,,,,matcha,,nomatch,matcha,nomatch,,0.56647723
record_256,h,nomatch,nomatch,missing,match,nomatch,nomatch,nomatch,missing,match,missing,missing,missing,nomatch,nomatch,missing,nomatch,match,match,nomatch,0.455933564
record_257,a,match,match,match,match,match,match,match,nomatch,nomatch,match,match,match,match,nomatch,match,missing,missing,nomatch,match,0.661504668
record_257,b,match,match,match,match,missing,match,match,match,nomatch,match,match,match,match,match,missing,match,match,missing,match,0.57089009
record_257,c,nomatch,match,match,missing,nomatch,match,match,match,match,match,nomatch,match,nomatch,match,match,match,match,match,match,0.688772548
record_257,d,match,nomatch,match,match,match,match,match,match,match,match,match,match,match,nomatch,match,match,nomatch,match,nomatch,0.511478392
record_257,e,match,nomatch,match,match,match,nomatch,match,nomatch,match,nomatch,match,match,nomatch,match,nomatch,nomatch,nomatch,nomatch,match,0.67042525
record_257,f,match,nomatch,nomatch,missing,nomatch,match,match,nomatch,match,match,nomatch,nomatch,match,nomatch,match,nomatch,match,nomatch,nomatch,0.628470546
record_257,g,nomatch,matcha,,,,nomatch,,match,match,nomatch,,,matcha,nomatch,nomatch,nomatch,match,matcha,nomatch,0.715167966
record_257,h,nomatch,missing,missing,match,match,nomatch,match,nomatch,nomatch,match,nomatch,nomatch,nomatch,missing,missing,nomatch,nomatch,match,missing,0.398165749
record_258,a,match,match,nomatch,match,match,match,match,match,match,match,match,match,,,match,nomatch,missing,match,match,0.504065915
record_258,b,match,missing,missing,missing,missing,match,match,match,nomatch,match,nomatch,match,match,missing,nomatch,missing,match,,match,0.513746019
record_258,c,match,match,match,nomatch,match,match,match,match,match,match,match,nomatch,match,match,nomatch,match,missing,match,missing,0.685852526
record_258,d,match,match,nomatch,match,nomatch,nomatch,nomatch,nomatch,nomatch,match,match,match,nomatch,match,match,,match,match,nomatch,0.771155772
record_258,e,nomatch,nomatch,nomatch,nomatch,nomatch,match,nomatch,match,nomatch,nomatch,match,match,match,match,match,nomatch,match,nomatch,match,0.628501368
record_258,f,nomatch,nomatch,nomatch,match,nomatch,match,match,nomatch,nomatch,match,nomatch,nomatch,nomatch,nomatch,match,nomatch,missing,nomatch,missing,0.732527645
record_258,g,matcha,nomatch,matcha,,nomatch,nomatch,,,nomatch,,matcha,,match,match,nomatch,match,nomatch,,matcha,0.513381917
record_258,h,missing,missing,match,match,nomatch,match,nomatch,nomatch,match,nomatch,match,missing,missing,missing,match,nomatch,nomatch,match,nomatch,0.743570177
record_259,a,match,nomatch,,nomatch,match,match,match,nomatch,missing,match,match,match,match,match,nomatch,nomatch,nomatch,nomatch,match,0.618403371
record_259,b,missing,missing,match,match,missing,missing,match,,missing,missing,match,match,missing,match,match,match,match,match,match,0.586198704
record_259,c,match,match,match,match,match,match,match,nomatch,match,match,nomatch,match,nomatch,match,match,match,match,,nomatch,0.562976523
record_259,d,match,match,nomatch,match,nomatch,match,match,match,nomatch,match,match,match,nomatch,nomatch,nomatch,match,match,match,match,0.528856596
record_259,e,match,match,match,match,match,match,nomatch,match,nomatch,nomatch,nomatch,match,nomatch,nomatch,match,match,match,,nomatch,0.728787095
record_259,f,nomatch,nomatch,match,match,match,nomatch,match,nomatch,match,nomatch,match,nomatch,nomatch,nomatch,nomatch,nomatch,nomatch,,nomatch,0.478336046
record_259,g,,match,match,match,,,,match,match,matcha,matcha,,matcha,,matcha,match,match,matcha,,0.741016604
record_259,h,match,match,match,nomatch,nomatch,match,missing,match,missing,match,missing,nomatch,match,missing,missing,missing,match,missing,match,0.426225641
record_26,a,nomatch,nomatch,match,match,match,match,match,match,nomatch,match,match,match,match,match,match,,nomatch,,match,0.727311715
record_26,b,missing,match,match,match,missing,match,match,missing,nomatch,missing,match,missing,match,match,match,match,match,match,missing,0.528291843
record_26,c,nomatch,missing,match,match,match,match,match,missing,missing,match,match,match,match,nomatch,match,match,match,match,match,0.43277823
record_26,d,nomatch,match,match,match,match,missing,,nomatch,nomatch,nomatch,match,missing,match,nomatch,nomatch,match,match,match,match,0.622139047
record_26,e,match,match,match,match,match,match,match,match,missing,match,nomatch,nomatch,nomatch,match,match,nomatch,match,nomatch,match,0.656060061
record_26,f,match,missing,match,match,nomatch,nomatch,nomatch,missing,missing,match,match,nomatch,match,match,match,nomatch,match,nomatch,match,0.65432771
record_26,g,match,matcha,matcha,,nomatch,,,matcha,matcha,,,matcha,,,,nomatch,match,nomatch,matcha,0.677278866
record_26,h,missing,match,match,nomatch,missing,missing,nomatch,match,nomatch,match,nomatch,missing,nomatch,nomatch,nomatch,match,missing,match,match,0.588323096
record_260,a,match,match,match,match,,match,nomatch,match,match,match,match,match,match,nomatch,match,missing,nomatch,missing,match,0.605861142
record_260,b,missing,match,match,match,missing,match,missing,missing,nomatch,match,match,match,match,,nomatch,match,missing,match,match,0.623614564
record_260,c,missing,nomatch,match,match,match,match,match,match,match,missing,nomatch,match,nomatch,match,match,match,match,match,match,0.445662081
record_260,d,match,match,match,nomatch,match,match,match,match,,nomatch,match,match,match,match,,match,match,missing,nomatch,0.52864045
record_260,e,match,nomatch,nomatch,nomatch,match,nomatch,nomatch,match,match,missing,nomatch,match,match,nomatch,nomatch,nomatch,match,nomatch,match,0.511198827
record_260,f,missing,nomatch,nomatch,nomatch,match,nomatch,match,match,match,missing,match,nomatch,nomatch,match,match,nomatch,match,nomatch,nomatch,0.778486094
record_260,g,matcha,matcha,matcha,,match,nomatch,match,matcha,nomatch,matcha,nomatch,,,matcha,matcha,match,match,nomatch,matcha,0.821246543
record_260,h,nomatch,match,match,nomatch,missing,match,match,nomatch,missing,nomatch,missing,nomatch,match,match,missing,nomatch,match,nomatch,nomatch,0.741220698
record_261,a,match,match,match,match,match,match,match,,match,nomatch,match,match,match,match,,nomatch,match,nomatch,match,0.608702644
record_261,b,match,match,match,missing,missing,match,missing,match,nomatch,match,match,match,match,match,match,match,match,match,nomatch,0.546225746
record_261,c,match,match,match,match,match,missing,match,match,match,nomatch,match,match,match,nomatch,match,match,match,match,nomatch,0.721920392
record_261,d,match,match,nomatch,match,nomatch,nomatch,match,nomatch,nomatch,nomatch,match,nomatch,match,match,match,missing,match,match,nomatch,0.680043237
record_261,e,match,nomatch,match,nomatch,match,missing,nomatch,nomatch,nomatch,nomatch,nomatch,match,match,nomatch,nomatch,match,match,nomatch,match,0.695379171
record_261,f,nomatch,match,match,nomatch,nomatch,missing,match,nomatch,match,match,nomatch,match,nomatch,match,match,nomatch,nomatch,match,match,0.404369551
record_261,g,nomatch,,matcha,matcha,,matcha,,match,,match,,,matcha,matcha,nomatch,match,,matcha,nomatch,0.56356407
record_261,h,nomatch,missing,match,missing,missing,nomatch,match,match,nomatch,nomatch,missing,match,missing,match,match,nomatch,nomatch,missing,missing,0.540962126
record_262,a,match,match,match,match,match,match,missing,nomatch,,,match,match,match,,match,,nomatch,missing,,0.483806788
record_262,b,match,match,match,match,match,match,match,match,nomatch,missing,nomatch,,match,missing,nomatch,match,match,missing,missing,0.676801703
record_262,c,missing,match,match,match,match,match,match,match,match,match,match,nomatch,match,missing,match,match,match,match,match,0.620493604
record_262,d,nomatch,match,match,match,match,match,match,match,match,match,match,match,nomatch,nomatch,match,nomatch,match,match,nomatch,0.688936491
record_262,e,match,nomatch,match,match,match,match,nomatch,match,match,match,match,nomatch,nomatch,missing,nomatch,match,match,nomatch,nomatch,0.513318699
record_262,f,missing,match,match,match,match,nomatch,match,nomatch,match,nomatch,nomatch,nomatch,match,missing,nomatch,nomatch,match,nomatch,match,0.693187114
record_262,g,nomatch,matcha,,matcha,matcha,matcha,nomatch,nomatch,matcha,matcha,nomatch,matcha,,match,matcha,match,matcha,matcha,nomatch,0.581471559
record_262,h,nomatch,nomatch,nomatch,nomatch,match,match,nomatch,match,match,missing,nomatch,missing,match,match,missing,match,missing,missing,match,0.584164423
record_263,a,match,match,match,match,match,match,match,missing,match,match,missing,match,match,match,match,missing,nomatch,nomatch,match,0.496454071
record_263,b,match,missing,match,missing,match,match,match,match,nomatch,missing,,match,missing,nomatch,match,match,match,match,match,0.497961329
record_263,c,match,match,match,nomatch,match,match,,match,match,match,match,match,match,nomatch,match,match,match,match,match,0.734515662
record_263,d,nomatch,match,match,match,nomatch,match,match,match,match,nomatch,match,match,nomatch,missing,nomatch,match,match,,match,0.430580183
record_263,e,match,nomatch,match,match,match,match,match,match,nomatch,match,match,match,match,nomatch,nomatch,match,match,nomatch,nomatch,0.390999359
record_263,f,nomatch,nomatch,match,match,match,nomatch,missing,match,nomatch,nomatch,nomatch,nomatch,match,nomatch,match,match,nomatch,nomatch,match,0.703338526
record_263,g,matcha,,,,matcha,matcha,matcha,nomatch,,nomatch,match,nomatch,nomatch,,,match,match,nomatch,,0.796198478
record_263,h,nomatch,nomatch,missing,nomatch,match,match,match,missing,nomatch,nomatch,missing,nomatch,match,missing,nomatch,nomatch,match,match,nomatch,0.532459989
record_264,a,match,,nomatch,match,nomatch,match,match,match,match,match,match,match,match,missing,,nomatch,nomatch,nomatch,match,0.592125005
record_264,b,match,missing,missing,nomatch,match,missing,match,match,nomatch,match,nomatch,match,match,match,match,match,match,missing,match,0.59204642
record_264,c,match,nomatch,match,match,match,match,match,match,match,missing,nomatch,nomatch,nomatch,nomatch,match,match,match,match,missing,0.632894531
record_264,d,match,match,match,nomatch,match,match,match,nomatch,nomatch,match,match,match,nomatch,nomatch,nomatch,match,match,nomatch,match,0.655428015
record_264,e,nomatch,match,nomatch,match,match,match,nomatch,match,match,match,nomatch,match,match,match,match,nomatch,nomatch,match,match,0.558803312
record_264,f,nomatch,nomatch,nomatch,match,match,nomatch,match,nomatch,match,missing,match,match,nomatch,match,nomatch,nomatch,match,nomatch,missing,0.625976145
record_264,g,,matcha,match,,matcha,,,,matcha,nomatch,,,matcha,nomatch,matcha,match,match,match,nomatch,0.610584445
record_264,h,nomatch,match,match,nomatch,missing,missing,match,nomatch,nomatch,nomatch,match,match,missing,nomatch,,match,match,nomatch,missing,0.764540972
record_265,a,,match,match,nomatch,match,match,match,match,match,match,match,match,match,match,match,nomatch,,,nomatch,0.589162816
record_265,b,match,match,match,match,match,match,match,match,nomatch,match,match,match,match,missing,nomatch,missing,missing,missing,missing,0.516267788
record_265,c,match,match,match,match,match,match,match,match,missing,match,match,nomatch,match,match,match,match,match,match,nomatch,0.524459419
record_265,d,match,match,match,match,nomatch,match,match,nomatch,nomatch,nomatch,match,,match,nomatch,match,match,match,match,match,0.706613854
record_265,e,match,nomatch,nomatch,match,match,nomatch,match,nomatch,match,nomatch,match,match,match,nomatch,nomatch,nomatch,nomatch,match,nomatch,0.567367969
record_265,f,match,nomatch,match,nomatch,nomatch,nomatch,nomatch,nomatch,missing,nomatch,match,nomatch,nomatch,match,nomatch,match,nomatch,match,nomatch,0.386835084
record_265,g,match,,nomatch,match,matcha,,,matcha,,matcha,matcha,,nomatch,,nomatch,nomatch,match,match,matcha,0.66915752
record_265,h,,nomatch,match,match,match,match,match,match,nomatch,match,nomatch,nomatch,nomatch,nomatch,nomatch,nomatch,,match,missing,0.612168028
record_266,a,nomatch,match,match,match,match,match,match,match,nomatch,match,nomatch,match,match,match,match,nomatch,,nomatch,,0.627464182
record_266,b,match,missing,match,match,nomatch,match,match,missing,nomatch,match,match,match,match,match,match,match,match,match,match,0.656194337
record_266,c,match,match,match,nomatch,match,match,match,match,missing,match,missing,match,nomatch,nomatch,nomatch,match,match,match,missing,0.734626206
record_266,d,missing,match,match,match,match,nomatch,match,nomatch,nomatch,match,match,match,match,match,match,match,match,match,match,0.76750341
record_266,e,nomatch,match,match,match,nomatch,match,nomatch,nomatch,match,nomatch,missing,nomatch,match,nomatch,match,nomatch,match,nomatch,missing,0.505855086
record_266,f,match,nomatch,nomatch,match,match,match,match,nomatch,missing,nomatch,missing,nomatch,nomatch,match,match,match,match,nomatch,missing,0.67142347
record_266,g,matcha,matcha,matcha,matcha,,matcha,,,matcha,,match,,,,matcha,match,nomatch,match,match,0.484126228
record_266,h,match,missing,nomatch,match,missing,missing,nomatch,nomatch,match,nomatch,nomatch,match,nomatch,match,missing,nomatch,,nomatch,,0.583940119
record_267,a,missing,match,match,match,nomatch,match,nomatch,match,match,match,match,match,,match,nomatch,,nomatch,nomatch,match,0.574645278
record_267,b,match,missing,match,match,match,match,match,match,nomatch,,match,match,nomatch,match,match,match,nomatch,match,match,0.804626397
record_267,c,match,nomatch,nomatch,match,match,,match,match,match,missing,match,missing,nomatch,nomatch,nomatch,missing,match,match,match,0.629700395
record_267,d,match,match,match,nomatch,nomatch,match,match,nomatch,missing,nomatch,match,match,match,match,match,missing,match,match,match,0.465042079
record_267,e,match,nomatch,nomatch,nomatch,nomatch,match,match,nomatch,match,missing,match,missing,nomatch,match,nomatch,missing,nomatch,nomatch,match,0.415208601
record_267,f,match,nomatch,match,nomatch,match,missing,match,match,match,missing,match,missing,nomatch,nomatch,nomatch,missing,match,nomatch,nomatch,0.452528191
record_267,g,matcha,,matcha,,match,,matcha,matcha,matcha,,,,match,nomatch,nomatch,match,match,match,nomatch,0.551155391
record_267,h,nomatch,match,nomatch,nomatch,missing,missing,nomatch,match,match,missing,match,missing,,match,missing,match,missing,missing,nomatch,0.554569286
record_268,a,missing,nomatch,match,nomatch,match,match,match,match,match,missing,match,match,match,match,match,nomatch,match,nomatch,match,0.464253622
record_268,b,match,match,match,missing,missing,match,match,match,nomatch,match,nomatch,missing,match,match,match,match,match,match,match,0.670970665
record_268,c,match,nomatch,match,nomatch,match,missing,match,missing,match,match,match,match,match,match,match,,match,match,match,0.555100558
record_268,d,nomatch,nomatch,match,missing,nomatch,match,match,nomatch,match,match,nomatch,match,match,match,nomatch,nomatch,match,match,missing,0.525012925
record_268,e,match,match,nomatch,match,match,match,nomatch,missing,nomatch,nomatch,nomatch,match,nomatch,match,match,,nomatch,match,match,0.538805933
record_268,f,nomatch,nomatch,nomatch,nomatch,nomatch,missing,match,missing,match,match,nomatch,match,nomatch,nomatch,match,,nomatch,match,nomatch,0.712732916
record_268,g,match,matcha,,matcha,,,,,,match,,matcha,nomatch,nomatch,,match,,match,nomatch,0.545755787
record_268,h,missing,missing,match,missing,nomatch,nomatch,nomatch,nomatch,match,nomatch,match,nomatch,missing,nomatch,match,missing,nomatch,match,match,0.475604237
record_269,a,match,match,match,match,match,match,match,match,match,match,match,missing,match,match,match,nomatch,nomatch,nomatch,match,0.584654825
record_269,b,match,missing,match,match,match,match,match,match,nomatch,match,match,match,match,missing,match,nomatch,match,match,match,0.581579281
record_269,c,match,missing,match,nomatch,match,match,match,match,match,match,match,match,match,match,match,match,match,match,match,0.532133837
record_269,d,match,match,match,match,match,nomatch,match,match,match,match,nomatch,match,match,match,match,match,match,match,match,0.425573355
record_269,e,nomatch,match,nomatch,nomatch,match,nomatch,match,match,nomatch,match,match,nomatch,nomatch,nomatch,match,match,match,nomatch,match,0.644767976
record_269,f,match,missing,nomatch,nomatch,match,match,nomatch,match,nomatch,match,nomatch,nomatch,nomatch,match,nomatch,match,nomatch,nomatch,nomatch,0.434037739
record_269,g,matcha,nomatch,nomatch,,,,nomatch,,matcha,matcha,,nomatch,,,matcha,match,matcha,match,,0.568498176
record_269,h,missing,match,nomatch,match,match,nomatch,nomatch,match,nomatch,nomatch,nomatch,missing,missing,match,nomatch,match,match,match,nomatch,0.650437039
record_27,a,match,match,match,match,missing,match,match,match,,match,match,match,match,match,match,nomatch,,nomatch,match,0.623315502
record_27,b,match,match,match,match,match,match,nomatch,match,nomatch,match,nomatch,match,match,match,missing,match,match,match,match,0.616635592
record_27,c,match,match,match,nomatch,match,match,missing,match,match,match,match,missing,nomatch,match,match,match,match,missing,match,0.641440338
record_27,d,match,match,nomatch,match,match,match,nomatch,match,nomatch,match,match,match,match,match,nomatch,match,match,nomatch,nomatch,0.57726282
record_27,e,match,nomatch,nomatch,match,match,nomatch,match,match,match,nomatch,match,missing,nomatch,nomatch,match,nomatch,match,match,nomatch,0.750552077
record_27,f,nomatch,nomatch,match,match,nomatch,nomatch,missing,match,nomatch,nomatch,nomatch,missing,nomatch,nomatch,nomatch,nomatch,match,missing,match,0.67005854
record_27,g,nomatch,nomatch,,nomatch,match,matcha,nomatch,matcha,nomatch,,nomatch,,nomatch,,nomatch,nomatch,match,match,,0.594401891
record_27,h,nomatch,match,match,nomatch,nomatch,nomatch,missing,nomatch,,nomatch,nomatch,match,match,missing,nomatch,missing,missing,match,nomatch,0.891286358
record_270,a,match,missing,match,match,match,match,missing,match,match,match,match,,match,match,match,match,missing,nomatch,nomatch,0.569383341
record_270,b,match,,missing,,match,match,missing,match,match,match,match,match,match,missing,match,match,match,match,match,0.524571853
record_270,c,match,match,missing,match,match,missing,,match,match,match,missing,match,missing,missing,match,match,match,match,missing,0.571936555
record_270,d,nomatch,match,match,nomatch,match,nomatch,match,match,match,match,missing,match,match,match,match,match,nomatch,nomatch,nomatch,0.362631814
record_270,e,nomatch,match,missing,nomatch,match,match,match,nomatch,match,match,missing,nomatch,match,match,match,nomatch,nomatch,nomatch,missing,0.633107451
record_270,f,match,nomatch,missing,nomatch,match,missing,,nomatch,match,match,missing,match,missing,missing,match,match,match,match,missing,0.767252656
record_270,g,,matcha,,matcha,nomatch,,match,nomatch,,,,match,nomatch,nomatch,matcha,matcha,nomatch,nomatch,match,0.623727172
record_270,h,match,missing,missing,nomatch,nomatch,nomatch,missing,nomatch,nomatch,match,match,match,match,nomatch,nomatch,nomatch,missing,match,missing,0.681716897
record_271,a,missing,nomatch,,match,match,match,match,match,nomatch,match,match,missing,match,match,match,nomatch,nomatch,nomatch,match,0.467779616
record_271,b,match,match,missing,match,match,missing,match,match,nomatch,match,match,missing,missing,match,nomatch,match,match,match,match,0.549767275
record_271,c,missing,nomatch,nomatch,match,match,match,match,nomatch,match,match,match,match,match,match,match,match,match,match,missing,0.705606425
record_271,d,match,match,match,nomatch,match,match,match,nomatch,match,nomatch,match,match,nomatch,nomatch,missing,match,match,missing,match,0.637055032
record_271,e,missing,match,nomatch,match,nomatch,nomatch,nomatch,match,match,nomatch,nomatch,nomatch,match,nomatch,nomatch,match,nomatch,match,match,0.52291563
record_271,f,missing,nomatch,nomatch,nomatch,match,nomatch,match,match,match,nomatch,nomatch,match,match,match,match,nomatch,nomatch,match,missing,0.617560328
record_271,g,nomatch,nomatch,nomatch,,matcha,,matcha,nomatch,match,matcha,,match,,nomatch,nomatch,nomatch,nomatch,match,,0.566421918
record_271,h,nomatch,match,match,nomatch,match,match,match,nomatch,match,match,nomatch,missing,nomatch,nomatch,nomatch,missing,match,nomatch,missing,0.524524524
record_272,a,match,missing,match,match,match,match,match,match,match,match,match,match,match,match,,nomatch,nomatch,,missing,0.605266232
record_272,b,match,,missing,match,missing,missing,match,match,match,missing,match,missing,match,missing,match,match,match,match,missing,0.655966641
record_272,c,match,match,match,nomatch,match,,match,nomatch,match,nomatch,match,match,match,nomatch,match,missing,match,,nomatch,0.577602877
record_272,d,match,match,match,nomatch,nomatch,match,match,match,nomatch,match,match,nomatch,nomatch,match,missing,missing,match,match,match,0.686885382
record_272,e,nomatch,match,nomatch,nomatch,match,match,match,match,match,nomatch,match,match,match,nomatch,nomatch,missing,match,match,nomatch,0.544278216
record_272,f,nomatch,nomatch,match,match,nomatch,missing,match,nomatch,nomatch,nomatch,nomatch,match,match,match,nomatch,missing,match,,nomatch,0.459197609
record_272,g,nomatch,match,,matcha,,nomatch,,,,nomatch,matcha,,nomatch,,nomatch,match,match,matcha,matcha,0.504910791
record_272,h,nomatch,nomatch,nomatch,match,nomatch,match,match,nomatch,missing,match,nomatch,nomatch,nomatch,match,,match,match,,nomatch,0.545860432
record_273,a,match,match,nomatch,match,match,match,match,match,match,match,match,match,match,match,match,,nomatch,nomatch,missing,0.71233412
record_273,b,missing,match,match,match,match,match,match,match,nomatch,match,missing,match,match,match,match,,match,match,nomatch,0.592597419
record_273,c,match,match,match,nomatch,nomatch,match,nomatch,match,match,missing,nomatch,match,match,match,match,match,match,match,nomatch,0.572917221
record_273,d,match,nomatch,missing,match,nomatch,match,match,match,match,match,match,match,match,nomatch,nomatch,nomatch,match,match,match,0.75746175
record_273,e,nomatch,nomatch,nomatch,match,nomatch,nomatch,match,nomatch,nomatch,match,match,nomatch,nomatch,nomatch,match,match,nomatch,nomatch,nomatch,0.591354973
record_273,f,match,nomatch,match,nomatch,match,match,nomatch,nomatch,nomatch,missing,match,nomatch,match,match,match,match,nomatch,nomatch,match,0.542754576
record_273,g,nomatch,,match,,,matcha,,,matcha,matcha,,,,matcha,,matcha,matcha,match,match,0.549167761
record_273,h,missing,nomatch,match,nomatch,nomatch,match,missing,missing,missing,nomatch,nomatch,nomatch,missing,match,nomatch,missing,match,match,missing,0.634481918
record_274,a,match,match,match,match,match,match,match,match,match,match,match,match,missing,match,nomatch,nomatch,nomatch,,nomatch,0.60272773
record_274,b,missing,match,match,match,match,match,match,match,nomatch,missing,missing,match,match,match,match,match,match,nomatch,match,0.596615135
record_274,c,match,match,match,match,match,nomatch,missing,match,match,match,match,match,match,match,match,match,missing,match,match,0.614012594
record_274,d,match,match,nomatch,match,match,nomatch,match,match,nomatch,nomatch,match,match,match,match,nomatch,nomatch,match,nomatch,match,0.37519744
record_274,e,nomatch,match,nomatch,match,match,match,missing,nomatch,match,match,match,nomatch,match,match,nomatch,match,match,match,nomatch,0.646329167
record_274,f,match,nomatch,match,match,nomatch,match,missing,match,match,match,nomatch,match,nomatch,match,nomatch,nomatch,missing,nomatch,match,0.694917571
record_274,g,nomatch,matcha,,,nomatch,,nomatch,,,,,nomatch,match,nomatch,nomatch,matcha,nomatch,nomatch,match,0.471046949
record_274,h,nomatch,missing,nomatch,missing,missing,missing,nomatch,nomatch,match,match,nomatch,nomatch,nomatch,missing,match,match,nomatch,missing,nomatch,0.519082075
record_275,a,match,match,,match,match,nomatch,match,match,match,nomatch,match,nomatch,match,match,nomatch,nomatch,match,nomatch,nomatch,0.475621276
record_275,b,match,match,nomatch,match,missing,match,match,match,missing,match,missing,match,match,match,match,match,match,missing,match,0.765402337
record_275,c,nomatch,match,match,nomatch,,match,match,match,match,missing,match,match,match,nomatch,missing,match,missing,match,nomatch,0.513439314
record_275,d,match,match,match,missing,match,match,match,match,nomatch,match,missing,nomatch,match,match,match,match,match,match,match,0.551196887
record_275,e,match,match,nomatch,nomatch,match,match,nomatch,nomatch,nomatch,match,match,nomatch,match,match,match,match,match,match,match,0.787957474
record_275,f,match,match,nomatch,nomatch,,match,nomatch,match,match,missing,match,nomatch,match,match,missing,nomatch,missing,nomatch,nomatch,0.596353982
record_275,g,matcha,,matcha,matcha,nomatch,match,,matcha,nomatch,match,,match,nomatch,,matcha,matcha,matcha,match,match,0.582973769
record_275,h,nomatch,match,match,nomatch,nomatch,match,missing,match,nomatch,missing,nomatch,missing,nomatch,missing,match,missing,nomatch,missing,match,0.751272018
record_276,a,match,match,nomatch,missing,match,match,match,match,match,match,match,match,match,match,match,nomatch,,nomatch,match,0.557174143
record_276,b,match,missing,match,match,missing,match,match,match,nomatch,nomatch,missing,match,nomatch,missing,match,match,match,match,match,0.535553795
record_276,c,missing,match,match,match,match,match,match,nomatch,match,match,match,match,match,match,match,match,match,match,nomatch,0.446097149
record_276,d,nomatch,nomatch,match,nomatch,match,nomatch,nomatch,match,match,match,match,match,match,nomatch,match,match,match,match,match,0.703579239
record_276,e,match,match,nomatch,nomatch,match,match,nomatch,match,match,match,nomatch,match,match,match,match,match,nomatch,match,match,0.498578109
record_276,f,missing,nomatch,nomatch,match,match,nomatch,match,match,match,nomatch,match,nomatch,match,nomatch,nomatch,nomatch,nomatch,nomatch,match,0.615420249
record_276,g,nomatch,matcha,match,match,,,nomatch,matcha,nomatch,,matcha,nomatch,,,,match,match,nomatch,,0.560219812
record_276,h,nomatch,nomatch,match,nomatch,match,nomatch,missing,missing,nomatch,match,missing,missing,missing,missing,nomatch,nomatch,match,match,nomatch,0.684933954
record_277,a,match,match,match,missing,nomatch,match,match,missing,nomatch,match,nomatch,nomatch,match,match,match,nomatch,match,,match,0.646958593
record_277,b,missing,missing,match,,missing,match,match,match,missing,match,match,match,match,match,nomatch,match,match,match,match,0.813186944
record_277,c,match,missing,match,match,match,match,match,nomatch,nomatch,match,match,missing,match,nomatch,match,match,match,match,match,0.483879105
record_277,d,match,match,nomatch,match,match,missing,nomatch,match,match,nomatch,match,match,match,match,match,match,match,match,nomatch,0.765727338
record_277,e,match,match,nomatch,match,nomatch,nomatch,match,match,nomatch,match,match,match,nomatch,match,nomatch,nomatch,nomatch,match,match,0.521745531
record_277,f,nomatch,missing,nomatch,nomatch,nomatch,nomatch,match,match,match,nomatch,match,missing,nomatch,match,match,match,match,nomatch,match,0.695329397
record_277,g,,,,nomatch,nomatch,nomatch,nomatch,match,nomatch,nomatch,nomatch,match,matcha,nomatch,,nomatch,,match,matcha,0.634557468
record_277,h,nomatch,nomatch,missing,missing,match,nomatch,nomatch,nomatch,match,nomatch,missing,missing,match,match,nomatch,match,match,,nomatch,0.695555425
record_278,a,,match,match,nomatch,match,match,match,,match,match,match,match,match,match,match,nomatch,nomatch,nomatch,match,0.510753324
record_278,b,nomatch,match,match,match,match,match,match,match,missing,match,match,missing,match,match,,match,match,match,nomatch,0.496759737
record_278,c,match,match,match,match,match,match,match,match,match,match,match,nomatch,nomatch,match,missing,match,match,nomatch,match,0.582867768
record_278,d,match,match,match,nomatch,match,match,nomatch,match,nomatch,match,match,match,nomatch,match,match,match,match,match,match,0.67912197
record_278,e,nomatch,match,nomatch,match,nomatch,nomatch,match,nomatch,match,match,nomatch,match,nomatch,nomatch,missing,match,nomatch,nomatch,match,0.645867123
record_278,f,nomatch,nomatch,nomatch,match,nomatch,nomatch,match,nomatch,nomatch,nomatch,nomatch,match,nomatch,match,missing,nomatch,match,nomatch,match,0.662752998
record_278,g,match,,,match,nomatch,,nomatch,matcha,,matcha,,,,,,matcha,match,match,nomatch,0.514396118
record_278,h,match,nomatch,nomatch,missing,nomatch,match,nomatch,missing,nomatch,nomatch,nomatch,missing,missing,nomatch,nomatch,match,match,match,nomatch,0.461858735
record_279,a,match,match,match,match,nomatch,match,match,match,missing,match,match,match,match,nomatch,,nomatch,nomatch,nomatch,match,0.496080878
record_279,b,match,match,,match,missing,match,match,match,missing,missing,match,match,match,nomatch,match,nomatch,match,nomatch,match,0.682454055
record_279,c,match,match,match,match,match,missing,missing,match,match,nomatch,match,nomatch,missing,nomatch,nomatch,match,,match,match,0.533527298
record_279,d,nomatch,nomatch,nomatch,nomatch,match,match,match,nomatch,nomatch,nomatch,match,nomatch,match,match,match,match,match,match,match,0.351206266
record_279,e,nomatch,nomatch,match,nomatch,nomatch,missing,match,match,nomatch,match,nomatch,nomatch,missing,match,nomatch,match,,match,match,0.606964342
record_279,f,match,match,match,match,nomatch,missing,missing,nomatch,match,nomatch,match,nomatch,missing,nomatch,nomatch,match,,match,nomatch,0.523716017
record_279,g,,matcha,nomatch,,matcha,,,,nomatch,matcha,,,matcha,matcha,match,matcha,nomatch,matcha,,0.676802392
record_279,h,match,match,nomatch,nomatch,missing,nomatch,match,missing,missing,nomatch,match,nomatch,match,nomatch,match,missing,nomatch,match,match,0.706343033
record_28,a,match,,nomatch,match,match,match,match,match,match,match,match,match,,match,match,,nomatch,nomatch,match,0.5803746
record_28,b,match,match,match,match,nomatch,match,match,missing,missing,missing,match,match,missing,match,match,match,match,missing,match,0.587995936
record_28,c,match,nomatch,match,match,missing,match,match,match,match,match,match,match,missing,match,match,match,match,match,missing,0.545261406
record_28,d,match,nomatch,match,match,match,nomatch,match,match,match,nomatch,match,missing,match,nomatch,nomatch,match,match,match,match,0.518892327
record_28,e,match,match,nomatch,nomatch,match,match,nomatch,nomatch,nomatch,nomatch,match,match,missing,match,match,nomatch,match,nomatch,match,0.595239291
record_28,f,match,nomatch,match,match,missing,match,nomatch,nomatch,match,nomatch,nomatch,match,missing,nomatch,nomatch,nomatch,match,nomatch,missing,0.596418048
record_28,g,,matcha,matcha,,,nomatch,,,nomatch,,matcha,matcha,match,nomatch,nomatch,nomatch,matcha,match,,0.510730532
record_28,h,nomatch,missing,match,nomatch,nomatch,missing,nomatch,missing,nomatch,missing,nomatch,nomatch,match,nomatch,match,match,nomatch,match,missing,0.71381124
record_280,a,match,,match,match,match,missing,match,match,match,match,match,nomatch,,match,match,nomatch,match,missing,match,0.648730417
record_280,b,match,match,match,missing,match,match,missing,match,match,,match,match,match,missing,match,nomatch,,match,match,0.729419813
record_280,c,match,match,match,match,match,match,,match,match,match,missing,match,missing,match,match,match,match,match,missing,0.610486294
record_280,d,nomatch,nomatch,nomatch,match,match,match,match,match,missing,match,match,match,match,nomatch,match,nomatch,match,missing,match,0.562593191
record_280,e,nomatch,nomatch,nomatch,nomatch,match,match,,match,nomatch,match,match,nomatch,missing,nomatch,match,match,match,nomatch,match,0.535888971
record_280,f,nomatch,match,nomatch,match,match,nomatch,,nomatch,nomatch,nomatch,missing,match,missing,match,nomatch,match,match,match,missing,0.859398111
record_280,g,nomatch,match,,matcha,,matcha,nomatch,,nomatch,matcha,,matcha,match,,nomatch,match,nomatch,match,,0.646501198
record_280,h,nomatch,match,match,match,match,nomatch,nomatch,missing,missing,nomatch,nomatch,nomatch,,nomatch,missing,nomatch,nomatch,missing,nomatch,0.559535868
record_281,a,match,match,match,missing,match,nomatch,nomatch,match,match,match,match,,match,match,match,nomatch,nomatch,nomatch,match,0.577931788
record_281,b,match,missing,match,match,match,match,missing,nomatch,nomatch,match,match,match,match,missing,missing,match,missing,,match,0.772895305
record_281,c,match,match,match,match,match,match,match,nomatch,nomatch,nomatch,match,match,match,match,nomatch,match,match,nomatch,match,0.668566923
record_281,d,match,match,match,match,match,match,nomatch,match,match,match,nomatch,nomatch,nomatch,match,match,missing,match,match,nomatch,0.549483059
record_281,e,match,nomatch,match,match,nomatch,match,nomatch,nomatch,nomatch,match,nomatch,match,nomatch,match,match,nomatch,match,nomatch,nomatch,0.725655951
record_281,f,nomatch,nomatch,nomatch,match,nomatch,match,nomatch,nomatch,nomatch,nomatch,nomatch,nomatch,nomatch,nomatch,match,nomatch,nomatch,nomatch,nomatch,0.455715164
record_281,g,,,,match,matcha,nomatch,match,,nomatch,matcha,matcha,match,,nomatch,matcha,matcha,match,match,,0.711838624
record_281,h,missing,match,missing,missing,nomatch,match,match,missing,nomatch,missing,nomatch,missing,nomatch,missing,missing,nomatch,missing,missing,missing,0.579483016
record_282,a,match,match,match,match,match,,nomatch,match,match,match,nomatch,match,match,match,nomatch,nomatch,nomatch,,match,0.588550425
record_282,b,missing,missing,nomatch,match,missing,match,match,match,nomatch,match,match,match,match,missing,nomatch,match,match,nomatch,match,0.842089022
record_282,c,nomatch,nomatch,match,missing,match,match,match,nomatch,match,match,missing,match,match,missing,nomatch,,nomatch,match,match,0.694102397
record_282,d,match,nomatch,match,missing,match,match,match,nomatch,match,nomatch,match,match,match,nomatch,match,match,match,nomatch,match,0.640258875
record_282,e,match,match,match,missing,match,match,match,match,nomatch,nomatch,missing,match,nomatch,match,match,match,match,nomatch,match,0.636639514
record_282,f,nomatch,nomatch,match,missing,nomatch,nomatch,match,match,match,nomatch,missing,match,nomatch,missing,nomatch,missing,nomatch,nomatch,nomatch,0.735763149
record_282,g,,matcha,,nomatch,,match,matcha,nomatch,,matcha,matcha,,nomatch,matcha,nomatch,matcha,match,match,matcha,0.605044568
record_282,h,nomatch,nomatch,match,nomatch,nomatch,,nomatch,missing,missing,match,match,nomatch,nomatch,match,missing,nomatch,missing,missing,missing,0.557163631
record_283,a,match,nomatch,match,match,match,,match,match,match,match,match,nomatch,match,,nomatch,nomatch,,nomatch,nomatch,0.547113509
record_283,b,match,match,missing,match,nomatch,match,missing,missing,nomatch,match,missing,match,missing,missing,nomatch,match,match,match,match,0.688312831
record_283,c,nomatch,nomatch,match,match,match,missing,,match,missing,nomatch,match,nomatch,match,match,match,match,match,match,match,0.602042811
record_283,d,match,match,nomatch,nomatch,match,match,match,match,match,match,match,nomatch,match,match,nomatch,match,match,nomatch,match,0.682531625
record_283,e,nomatch,match,match,match,nomatch,match,,nomatch,match,match,nomatch,match,nomatch,nomatch,nomatch,nomatch,match,match,nomatch,0.606571585
record_283,f,match,match,match,nomatch,match,missing,missing,match,missing,nomatch,nomatch,match,match,nomatch,nomatch,nomatch,nomatch,match,match,0.732971408
record_283,g,,match,nomatch,nomatch,,match,matcha,nomatch,,,,match,,matcha,matcha,nomatch,match,match,match,0.689953341
record_283,h,missing,nomatch,nomatch,nomatch,match,match,nomatch,nomatch,nomatch,missing,nomatch,match,nomatch,match,nomatch,nomatch,match,match,match,0.662441646
record_284,a,match,match,nomatch,match,nomatch,match,match,nomatch,match,match,match,match,match,match,match,nomatch,match,nomatch,match,0.592428458
record_284,b,match,match,match,match,match,missing,match,match,nomatch,match,match,match,match,nomatch,match,match,match,nomatch,match,0.540878916
record_284,c,nomatch,match,match,match,match,match,match,match,nomatch,missing,nomatch,match,missing,match,match,match,match,match,match,0.46991221
record_284,d,match,nomatch,match,match,match,nomatch,match,match,match,match,missing,match,nomatch,nomatch,missing,match,match,match,match,0.625742886
record_284,e,nomatch,match,nomatch,nomatch,nomatch,nomatch,match,match,match,missing,match,match,missing,match,nomatch,nomatch,match,match,nomatch,0.415230949
record_284,f,nomatch,nomatch,nomatch,nomatch,nomatch,match,match,nomatch,nomatch,missing,match,nomatch,missing,nomatch,nomatch,match,match,match,match,0.611711037
record_284,g,matcha,,match,,nomatch,matcha,matcha,match,,matcha,,nomatch,nomatch,matcha,,match,,nomatch,nomatch,0.913241851
record_284,h,nomatch,nomatch,nomatch,missing,match,nomatch,match,missing,missing,nomatch,nomatch,match,match,nomatch,nomatch,match,missing,nomatch,missing,0.5333274
record_285,a,match,nomatch,match,match,match,match,match,match,match,match,match,match,nomatch,missing,match,missing,,missing,match,0.736466777
record_285,b,,match,match,match,match,match,missing,match,nomatch,missing,match,match,match,match,nomatch,match,match,missing,missing,0.513004769
record_285,c,match,missing,match,match,missing,match,,match,match,match,match,match,match,missing,match,match,,match,match,0.539662424
record_285,d,nomatch,nomatch,match,nomatch,match,nomatch,match,match,match,match,nomatch,match,match,match,match,match,nomatch,match,match,0.707701386
record_285,e,nomatch,missing,match,match,missing,nomatch,match,nomatch,match,match,nomatch,nomatch,match,match,nomatch,match,match,nomatch,nomatch,0.639733127
record_285,f,match,missing,match,nomatch,missing,match,,nomatch,match,match,nomatch,nomatch,nomatch,missing,match,match,missing,match,match,0.459699089
record_285,g,,nomatch,,nomatch,nomatch,matcha,matcha,nomatch,matcha,nomatch,,,match,nomatch,matcha,match,nomatch,match,nomatch,0.584101089
record_285,h,match,nomatch,match,missing,nomatch,match,missing,nomatch,match,match,missing,nomatch,match,nomatch,missing,missing,match,missing,nomatch,0.688202767
record_286,a,nomatch,match,match,missing,missing,match,match,match,match,match,match,nomatch,match,match,match,,nomatch,nomatch,match,0.581322242
record_286,b,match,match,match,match,match,match,missing,match,,match,match,match,match,missing,match,match,missing,match,match,0.607178707
record_286,c,nomatch,nomatch,match,missing,match,match,match,match,missing,missing,missing,nomatch,match,match,match,match,match,missing,nomatch,0.570855976
record_286,d,nomatch,nomatch,nomatch,match,nomatch,nomatch,nomatch,match,match,match,nomatch,match,match,match,match,nomatch,match,nomatch,match,0.717505215
record_286,e,nomatch,match,match,missing,match,nomatch,nomatch,nomatch,missing,match,missing,match,match,nomatch,nomatch,match,match,missing,nomatch,0.562178602
record_286,f,match,nomatch,match,missing,nomatch,nomatch,nomatch,nomatch,missing,missing,missing,nomatch,nomatch,nomatch,match,nomatch,nomatch,missing,match,0.653213248
record_286,g,match,,,match,match,,matcha,nomatch,,nomatch,nomatch,match,matcha,,,matcha,matcha,matcha,matcha,0.648707619
record_286,h,nomatch,nomatch,missing,nomatch,missing,nomatch,nomatch,match,match,match,missing,match,missing,nomatch,missing,match,missing,match,nomatch,0.48923566
record_287,a,match,match,missing,match,,match,match,match,missing,match,missing,match,match,,nomatch,nomatch,,nomatch,nomatch,0.554782733
record_287,b,match,match,match,match,match,nomatch,match,missing,nomatch,missing,match,match,missing,missing,match,match,match,match,match,0.682138723
record_287,c,missing,nomatch,match,match,match,match,match,nomatch,match,missing,match,match,match,nomatch,match,match,match,match,missing,0.382673025
record_287,d,match,match,match,nomatch,match,missing,match,match,missing,nomatch,match,match,match,match,match,match,match,nomatch,nomatch,0.483611283
record_287,e,match,match,nomatch,match,match,nomatch,match,match,nomatch,missing,match,nomatch,nomatch,nomatch,match,match,nomatch,nomatch,missing,0.563772535
record_287,f,missing,match,match,nomatch,match,nomatch,nomatch,match,nomatch,missing,match,nomatch,match,nomatch,nomatch,match,match,match,missing,0.499202915
record_287,g,,,match,matcha,matcha,matcha,nomatch,matcha,nomatch,,match,matcha,,match,matcha,matcha,nomatch,nomatch,match,0.810368316
record_287,h,nomatch,nomatch,nomatch,match,match,nomatch,nomatch,nomatch,missing,match,nomatch,nomatch,nomatch,,nomatch,missing,match,missing,nomatch,0.432554675
record_288,a,match,match,match,nomatch,match,match,match,nomatch,match,match,match,match,match,match,match,nomatch,nomatch,nomatch,match,0.731569207
record_288,b,match,match,nomatch,match,match,nomatch,match,match,nomatch,match,match,missing,match,missing,match,match,match,match,match,0.59317359
record_288,c,missing,match,match,match,match,match,match,missing,match,nomatch,match,missing,match,match,match,match,match,missing,match,0.462088247
record_288,d,match,match,nomatch,match,nomatch,nomatch,match,match,match,match,match,nomatch,nomatch,nomatch,nomatch,match,match,nomatch,nomatch,0.819804847
record_288,e,match,match,match,match,match,match,nomatch,match,match,nomatch,match,match,nomatch,nomatch,nomatch,nomatch,nomatch,match,nomatch,0.43590661
record_288,f,missing,nomatch,nomatch,match,match,nomatch,match,missing,match,match,match,missing,nomatch,match,match,nomatch,match,missing,match,0.720328627
record_288,g,,nomatch,,match,nomatch,,matcha,matcha,nomatch,matcha,nomatch,nomatch,,,,match,match,nomatch,matcha,0.585918343
record_288,h,match,nomatch,nomatch,nomatch,nomatch,nomatch,missing,match,match,nomatch,nomatch,nomatch,match,nomatch,missing,match,nomatch,match,missing,0.731246493
record_289,a,match,match,match,nomatch,match,match,match,missing,,match,match,match,match,nomatch,,missing,nomatch,missing,match,0.59242192
record_289,b,match,match,match,match,match,match,match,missing,nomatch,missing,match,missing,match,missing,missing,match,nomatch,missing,match,0.735115801
record_289,c,match,match,match,match,match,missing,match,match,match,match,match,match,match,match,nomatch,match,match,match,match,0.642520771
record_289,d,nomatch,match,match,match,nomatch,match,match,match,match,nomatch,match,match,nomatch,match,match,missing,match,nomatch,match,0.582323531
record_289,e,match,nomatch,nomatch,match,match,match,nomatch,nomatch,nomatch,match,nomatch,nomatch,nomatch,nomatch,nomatch,match,nomatch,nomatch,match,0.635211209
record_289,f,match,match,nomatch,nomatch,match,missing,match,match,match,match,nomatch,match,nomatch,nomatch,nomatch,match,match,nomatch,match,0.690935913
record_289,g,matcha,,matcha,matcha,,,matcha,nomatch,match,,,matcha,matcha,match,match,nomatch,matcha,nomatch,,0.57051332
record_289,h,missing,missing,match,match,missing,nomatch,missing,missing,match,match,nomatch,nomatch,nomatch,missing,missing,missing,nomatch,nomatch,missing,0.654246338
record_29,a,missing,,match,match,match,match,match,match,match,match,match,nomatch,match,match,match,,nomatch,missing,match,0.68270402
record_29,b,nomatch,match,missing,match,missing,nomatch,match,match,nomatch,match,missing,nomatch,nomatch,match,nomatch,match,match,match,,0.677125686
record_29,c,match,nomatch,match,match,match,,match,match,nomatch,match,match,match,match,match,match,missing,match,match,match,0.800622281
record_29,d,match,match,match,match,nomatch,match,match,match,missing,match,match,nomatch,match,match,nomatch,match,match,match,match,0.526901233
record_29,e,nomatch,nomatch,nomatch,match,nomatch,match,nomatch,nomatch,match,match,nomatch,nomatch,nomatch,match,match,match,match,match,match,0.547569443
record_29,f,match,nomatch,match,match,nomatch,,nomatch,nomatch,nomatch,match,nomatch,match,match,match,nomatch,missing,match,nomatch,match,0.818443806
record_29,g,match,nomatch,,nomatch,,,,,,nomatch,,matcha,matcha,,matcha,match,matcha,matcha,matcha,0.556656529
record_29,h,missing,match,missing,nomatch,nomatch,match,missing,missing,match,match,nomatch,missing,match,missing,nomatch,match,missing,missing,missing,0.790520537
record_290,a,match,match,match,match,,nomatch,match,match,match,match,nomatch,match,nomatch,missing,missing,,match,nomatch,match,0.671441638
record_290,b,match,match,missing,missing,match,missing,missing,missing,nomatch,match,missing,match,missing,missing,missing,match,nomatch,match,missing,0.672429769
record_290,c,match,match,nomatch,match,match,match,match,match,match,match,match,match,match,match,nomatch,match,match,match,match,0.540850142
record_290,d,match,nomatch,match,match,match,nomatch,match,match,match,match,nomatch,match,match,nomatch,nomatch,nomatch,match,nomatch,match,0.632138547
record_290,e,match,nomatch,match,nomatch,match,nomatch,nomatch,nomatch,nomatch,match,nomatch,match,nomatch,nomatch,nomatch,nomatch,match,match,nomatch,0.52835547
record_290,f,match,match,nomatch,nomatch,nomatch,nomatch,nomatch,match,nomatch,nomatch,nomatch,nomatch,match,match,nomatch,match,match,nomatch,match,0.663562107
record_290,g,nomatch,,,,match,match,,matcha,,nomatch,nomatch,,nomatch,nomatch,match,matcha,,matcha,,0.60628393
record_290,h,match,nomatch,missing,nomatch,match,nomatch,match,match,missing,nomatch,match,nomatch,missing,missing,nomatch,match,nomatch,match,match,0.590931732
record_291,a,match,,match,,match,match,match,match,match,match,match,match,match,match,match,,nomatch,,nomatch,0.714188312
record_291,b,missing,match,match,match,match,match,match,match,nomatch,missing,match,,match,match,match,match,match,missing,match,0.452822339
record_291,c,match,match,nomatch,match,match,match,missing,match,nomatch,missing,match,match,match,match,nomatch,,match,match,missing,0.629982312
record_291,d,match,missing,nomatch,match,match,nomatch,match,nomatch,match,match,nomatch,match,match,match,match,missing,match,nomatch,match,0.802348518
record_291,e,match,nomatch,match,match,nomatch,nomatch,match,match,match,missing,nomatch,nomatch,nomatch,match,match,,nomatch,nomatch,missing,0.515282524
record_291,f,nomatch,match,nomatch,nomatch,nomatch,nomatch,missing,nomatch,nomatch,missing,nomatch,nomatch,nomatch,match,nomatch,,nomatch,match,missing,0.587028257
record_291,g,,nomatch,,match,,,matcha,,matcha,nomatch,,,nomatch,nomatch,,matcha,matcha,match,match,0.578873938
record_291,h,missing,missing,nomatch,missing,nomatch,missing,nomatch,match,match,missing,nomatch,nomatch,match,match,match,match,match,missing,nomatch,0.520044313
record_292,a,match,match,match,match,match,match,match,nomatch,nomatch,match,match,match,match,missing,match,nomatch,nomatch,missing,match,0.480939182
record_292,b,missing,match,match,match,match,missing,missing,match,nomatch,match,match,match,match,missing,match,missing,match,missing,missing,0.568552447
record_292,c,match,match,match,match,match,match,match,match,match,missing,match,match,match,match,match,match,match,match,match,0.639447773
record_292,d,nomatch,match,match,match,nomatch,nomatch,match,match,missing,nomatch,match,match,match,match,match,match,match,match,match,0.466540302
record_292,e,match,nomatch,nomatch,match,match,match,match,nomatch,nomatch,missing,match,match,match,nomatch,nomatch,nomatch,nomatch,nomatch,nomatch,0.697589158
record_292,f,nomatch,nomatch,nomatch,nomatch,nomatch,nomatch,nomatch,nomatch,nomatch,missing,nomatch,nomatch,match,nomatch,match,nomatch,match,nomatch,match,0.637298116
record_292,g,,,matcha,,matcha,matcha,matcha,nomatch,nomatch,matcha,matcha,,,match,,matcha,nomatch,match,matcha,0.375847887
record_292,h,match,missing,nomatch,nomatch,match,missing,nomatch,missing,missing,nomatch,missing,nomatch,nomatch,nomatch,match,missing,match,missing,nomatch,0.33271266
record_293,a,nomatch,match,nomatch,missing,match,match,match,match,,nomatch,match,match,match,missing,match,match,nomatch,nomatch,match,0.791359797
record_293,b,match,missing,match,missing,match,missing,match,match,nomatch,missing,nomatch,match,match,missing,match,match,missing,missing,match,0.606315946
record_293,c,nomatch,match,match,match,match,match,match,match,match,match,match,match,nomatch,match,match,,match,match,match,0.552043671
record_293,d,match,nomatch,match,match,nomatch,nomatch,match,nomatch,nomatch,nomatch,match,match,nomatch,nomatch,match,match,match,match,match,0.730222923
record_293,e,match,match,match,match,match,match,match,nomatch,match,nomatch,nomatch,match,match,match,match,match,match,match,nomatch,0.577538604
record_293,f,nomatch,match,nomatch,nomatch,nomatch,nomatch,match,nomatch,nomatch,nomatch,match,nomatch,nomatch,match,match,missing,nomatch,match,nomatch,0.58104236
record_293,g,matcha,nomatch,nomatch,matcha,,,,matcha,match,match,matcha,,,matcha,,,nomatch,match,nomatch,0.624018503
record_293,h,match,nomatch,missing,nomatch,missing,nomatch,nomatch,nomatch,match,missing,missing,missing,nomatch,missing,nomatch,missing,match,missing,match,0.795082453
record_294,a,,nomatch,match,match,match,missing,nomatch,match,match,match,match,match,match,match,match,nomatch,,match,match,0.597952557
record_294,b,match,match,nomatch,match,match,match,match,match,missing,match,match,,match,match,match,match,match,match,match,0.70781714
record_294,c,nomatch,match,match,match,match,match,match,match,missing,match,match,match,match,match,match,match,match,match,match,0.777352766
record_294,d,missing,nomatch,nomatch,match,match,match,match,match,match,match,match,match,match,match,nomatch,missing,match,match,match,0.700404336
record_294,e,nomatch,nomatch,match,nomatch,match,nomatch,nomatch,nomatch,missing,match,nomatch,match,match,nomatch,match,nomatch,match,match,nomatch,0.59268587
record_294,f,nomatch,match,match,nomatch,nomatch,match,nomatch,nomatch,missing,nomatch,match,nomatch,match,match,nomatch,nomatch,match,nomatch,match,0.418853038
record_294,g,match,match,matcha,,,matcha,nomatch,,matcha,matcha,nomatch,matcha,,matcha,,nomatch,nomatch,nomatch,,0.639460838
record_294,h,missing,match,nomatch,nomatch,nomatch,nomatch,nomatch,match,nomatch,nomatch,match,nomatch,nomatch,nomatch,nomatch,missing,missing,nomatch,match,0.561592022
record_295,a,match,match,match,match,match,nomatch,missing,,match,match,match,match,match,nomatch,nomatch,nomatch,nomatch,missing,nomatch,0.541760034
record_295,b,match,missing,nomatch,match,match,match,match,match,missing,match,missing,match,match,missing,match,missing,match,match,nomatch,0.728602201
record_295,c,match,nomatch,match,match,match,match,match,match,nomatch,nomatch,nomatch,match,match,match,match,match,match,match,match,0.664626675
record_295,d,match,nomatch,match,nomatch,match,match,match,match,match,nomatch,match,nomatch,nomatch,match,nomatch,missing,match,match,match,0.481567061
record_295,e,nomatch,match,nomatch,nomatch,nomatch,match,nomatch,match,nomatch,nomatch,match,nomatch,match,match,nomatch,nomatch,nomatch,match,match,0.531046362
record_295,f,match,match,match,match,nomatch,nomatch,nomatch,nomatch,match,match,match,match,nomatch,nomatch,nomatch,match,nomatch,nomatch,nomatch,0.650711981
record_295,g,nomatch,nomatch,matcha,,,matcha,matcha,match,nomatch,,,matcha,,matcha,nomatch,nomatch,nomatch,match,matcha,0.720809425
record_295,h,match,missing,nomatch,match,missing,match,nomatch,,missing,nomatch,nomatch,missing,match,match,match,match,missing,missing,match,0.8109774
record_296,a,match,match,match,,match,missing,match,match,match,match,match,match,nomatch,match,match,missing,nomatch,missing,missing,0.444613299
record_296,b,match,match,match,match,match,match,match,match,,match,match,match,match,,nomatch,match,missing,missing,missing,0.593453226
record_296,c,match,match,match,match,match,match,match,nomatch,match,match,match,match,match,match,nomatch,match,match,match,match,0.560209433
record_296,d,match,match,match,match,match,match,match,match,match,nomatch,missing,match,match,match,match,match,match,match,nomatch,0.579711699
record_296,e,match,match,nomatch,match,match,match,nomatch,nomatch,nomatch,nomatch,match,match,nomatch,nomatch,nomatch,nomatch,nomatch,nomatch,match,0.568028175
record_296,f,nomatch,match,match,nomatch,match,match,nomatch,match,nomatch,nomatch,nomatch,match,nomatch,match,match,match,nomatch,nomatch,nomatch,0.575868088
record_296,g,,,,nomatch,,nomatch,nomatch,,,,nomatch,,nomatch,nomatch,nomatch,match,nomatch,matcha,nomatch,0.657209569
record_296,h,nomatch,match,nomatch,match,missing,nomatch,match,nomatch,missing,missing,match,nomatch,nomatch,nomatch,nomatch,missing,match,nomatch,missing,0.585799547
record_297,a,match,match,match,missing,match,match,match,nomatch,match,nomatch,match,match,match,match,match,match,,nomatch,match,0.581645063
record_297,b,missing,match,missing,match,missing,missing,missing,match,nomatch,nomatch,match,match,match,match,match,missing,missing,match,match,0.618756988
record_297,c,match,match,match,nomatch,match,match,match,nomatch,match,match,match,match,match,match,match,match,nomatch,match,match,0.450060135
record_297,d,nomatch,nomatch,match,match,match,nomatch,match,,match,nomatch,match,match,nomatch,nomatch,match,match,match,match,match,0.690520672
record_297,e,match,nomatch,match,match,nomatch,match,nomatch,match,nomatch,match,match,nomatch,nomatch,match,match,nomatch,match,nomatch,nomatch,0.567116256
record_297,f,nomatch,nomatch,match,match,nomatch,match,match,nomatch,nomatch,match,nomatch,match,nomatch,nomatch,match,nomatch,match,nomatch,match,0.511226141
record_297,g,,,nomatch,match,,matcha,nomatch,matcha,,matcha,nomatch,,nomatch,,matcha,nomatch,match,nomatch,nomatch,0.611473686
record_297,h,missing,match,match,missing,nomatch,nomatch,nomatch,match,match,match,missing,match,nomatch,nomatch,nomatch,nomatch,match,missing,nomatch,0.789816645
record_298,a,match,nomatch,match,match,,nomatch,nomatch,match,nomatch,match,,match,match,match,match,nomatch,nomatch,nomatch,match,0.55792597
record_298,b,,match,match,match,match,match,match,missing,match,match,match,match,match,missing,match,match,match,missing,match,0.492902871
record_298,c,nomatch,match,match,match,match,match,match,match,nomatch,match,nomatch,match,match,match,match,match,match,match,match,0.612734063
record_298,d,nomatch,nomatch,match,nomatch,match,match,match,match,nomatch,match,match,match,match,match,nomatch,match,match,match,match,0.669559144
record_298,e,nomatch,nomatch,match,match,match,match,match,match,nomatch,nomatch,nomatch,match,nomatch,nomatch,nomatch,nomatch,match,match,match,0.508039976
record_298,f,match,nomatch,match,match,nomatch,nomatch,match,nomatch,match,match,nomatch,nomatch,nomatch,match,match,match,nomatch,nomatch,match,0.451337592
record_298,g,,match,matcha,,match,match,match,matcha,match,matcha,match,,,,,match,match,matcha,matcha,0.459836669
record_298,h,match,nomatch,missing,match,,missing,nomatch,nomatch,match,match,,match,missing,nomatch,match,match,missing,missing,nomatch,0.581950511
record_299,a,match,match,match,match,missing,match,match,match,match,match,match,missing,match,match,match,match,,nomatch,match,0.50472695
record_299,b,match,match,match,match,match,match,match,missing,nomatch,match,match,match,match,match,match,match,match,match,match,0.477790928
record_299,c,nomatch,match,nomatch,match,match,match,nomatch,match,nomatch,match,match,match,match,match,match,match,match,,nomatch,0.734383582
record_299,d,nomatch,match,match,match,nomatch,match,match,match,match,nomatch,match,nomatch,match,match,missing,nomatch,match,nomatch,match,0.522444145
record_299,e,nomatch,nomatch,match,nomatch,nomatch,nomatch,match,match,nomatch,nomatch,match,nomatch,match,match,match,match,nomatch,match,nomatch,0.565848077
record_299,f,match,nomatch,match,nomatch,nomatch,nomatch,match,nomatch,nomatch,match,nomatch,match,nomatch,nomatch,match,nomatch,nomatch,missing,nomatch,0.662774479
record_299,g,,matcha,matcha,,match,,nomatch,,nomatch,,,matcha,matcha,,nomatch,,matcha,match,matcha,0.491253716
record_299,h,missing,match,match,nomatch,missing,nomatch,missing,nomatch,nomatch,match,nomatch,nomatch,match,match,match,nomatch,match,match,nomatch,0.582054478
record_3,a,match,match,match,match,match,nomatch,match,match,match,match,match,match,match,match,nomatch,,nomatch,nomatch,match,0.457216007
record_3,b,missing,match,match,match,match,match,nomatch,match,nomatch,match,match,match,match,match,missing,match,match,missing,match,0.559866505
record_3,c,match,match,nomatch,missing,match,,match,match,match,match,match,nomatch,match,match,match,match,match,match,match,0.317350517
record_3,d,match,match,match,nomatch,match,match,match,nomatch,nomatch,nomatch,match,nomatch,match,nomatch,match,match,match,match,nomatch,0.598321155
record_3,e,nomatch,match,nomatch,missing,match,,nomatch,match,match,match,nomatch,match,nomatch,match,match,nomatch,match,match,nomatch,0.577643994
record_3,f,nomatch,match,match,missing,nomatch,,nomatch,nomatch,match,match,match,nomatch,match,nomatch,nomatch,nomatch,match,nomatch,match,0.645099143
record_3,g,matcha,,,nomatch,,nomatch,,,nomatch,,matcha,matcha,,,nomatch,match,matcha,match,matcha,0.495728756
record_3,h,match,missing,missing,nomatch,nomatch,match,nomatch,match,nomatch,nomatch,match,missing,nomatch,nomatch,match,match,match,nomatch,nomatch,0.74262269
record_30,a,match,match,match,match,match,,match,match,match,match,match,match,,match,match,nomatch,nomatch,nomatch,match,0.804526104
record_30,b,match,missing,match,match,match,missing,match,match,nomatch,match,missing,match,match,match,nomatch,match,match,match,match,0.578855674
record_30,c,match,match,nomatch,match,match,match,match,match,match,match,missing,match,nomatch,missing,nomatch,match,match,match,match,0.471805256
record_30,d,nomatch,match,match,match,match,match,match,nomatch,nomatch,match,match,missing,nomatch,match,match,nomatch,match,match,match,0.595839477
record_30,e,nomatch,nomatch,nomatch,nomatch,nomatch,match,nomatch,nomatch,match,nomatch,missing,nomatch,nomatch,missing,nomatch,nomatch,match,match,match,0.891023939
record_30,f,nomatch,nomatch,nomatch,match,nomatch,match,match,nomatch,nomatch,nomatch,missing,match,match,missing,match,match,match,match,nomatch,0.618360373
record_30,g,,,nomatch,nomatch,nomatch,nomatch,,matcha,matcha,,matcha,,match,nomatch,,nomatch,match,match,nomatch,0.661690155
record_30,h,match,nomatch,missing,missing,match,missing,nomatch,match,match,nomatch,match,missing,match,nomatch,nomatch,match,match,match,nomatch,0.523523239
record_300,a,match,match,match,match,match,match,match,match,match,match,match,match,match,match,match,match,nomatch,nomatch,match,0.274599207
record_300,b,match,missing,match,match,match,missing,match,match,nomatch,match,match,match,match,match,match,match,match,match,match,0.526196344
record_300,c,nomatch,match,match,match,match,match,match,match,nomatch,nomatch,match,match,match,nomatch,match,match,match,match,match,0.600688835
record_300,d,match,match,match,match,match,match,match,nomatch,nomatch,nomatch,nomatch,missing,match,nomatch,nomatch,match,match,match,match,0.590889695
record_300,e,nomatch,nomatch,nomatch,nomatch,match,nomatch,match,match,nomatch,nomatch,match,nomatch,nomatch,match,nomatch,match,match,match,match,0.710625241
record_300,f,nomatch,match,nomatch,nomatch,match,match,match,match,nomatch,nomatch,nomatch,nomatch,nomatch,match,match,nomatch,match,match,nomatch,0.569212479
record_300,g,nomatch,,,,nomatch,matcha,matcha,,nomatch,matcha,matcha,,,,nomatch,,nomatch,nomatch,matcha,0.706426659
record_300,h,match,match,match,match,match,nomatch,nomatch,nomatch,nomatch,missing,missing,nomatch,nomatch,match,nomatch,nomatch,nomatch,nomatch,missing,0.504495193
record_301,a,match,match,nomatch,nomatch,match,match,,match,match,match,match,,match,missing,match,nomatch,match,nomatch,match,0.689580646
record_301,b,match,match,match,missing,missing,missing,match,match,,missing,nomatch,match,match,match,match,nomatch,match,match,match,0.685210869
record_301,c,match,match,match,match,match,match,match,match,match,match,match,nomatch,missing,nomatch,match,match,match,match,match,0.525580247
record_301,d,nomatch,match,match,match,match,match,missing,match,nomatch,match,match,nomatch,match,match,,nomatch,match,match,match,0.666415743
record_301,e,nomatch,match,match,match,nomatch,match,nomatch,match,match,nomatch,match,nomatch,match,nomatch,match,match,match,nomatch,nomatch,0.508059123
record_301,f,match,match,nomatch,match,match,match,match,match,nomatch,match,match,nomatch,missing,nomatch,match,match,match,nomatch,match,0.599534319
record_301,g,,nomatch,match,match,nomatch,nomatch,match,,,matcha,nomatch,matcha,,nomatch,,match,,match,nomatch,0.506940056
record_301,h,nomatch,nomatch,nomatch,nomatch,match,match,match,nomatch,match,missing,missing,,nomatch,nomatch,nomatch,missing,match,match,match,0.567534107
record_302,a,match,nomatch,missing,match,match,match,match,match,match,match,match,match,match,match,match,match,nomatch,match,match,0.469039337
record_302,b,match,match,match,missing,match,match,match,match,nomatch,nomatch,match,match,missing,match,missing,match,match,match,match,0.689230085
record_302,c,match,match,match,nomatch,match,match,match,match,match,nomatch,match,match,nomatch,missing,missing,match,match,match,nomatch,0.757339065
record_302,d,match,nomatch,match,nomatch,match,match,match,match,missing,,match,nomatch,match,match,match,match,match,nomatch,nomatch,0.606832467
record_302,e,match,match,nomatch,match,nomatch,nomatch,match,match,nomatch,match,match,match,nomatch,missing,match,match,match,match,match,0.609196447
record_302,f,nomatch,match,match,nomatch,nomatch,nomatch,nomatch,match,match,match,nomatch,match,nomatch,missing,missing,match,nomatch,nomatch,match,0.399770913
record_302,g,nomatch,match,matcha,matcha,matcha,,matcha,nomatch,nomatch,matcha,,,,,,matcha,match,,,0.752180834
record_302,h,nomatch,missing,missing,nomatch,nomatch,nomatch,nomatch,missing,nomatch,nomatch,nomatch,nomatch,missing,nomatch,nomatch,missing,nomatch,nomatch,nomatch,0.664325654
record_303,a,,match,match,match,match,match,match,nomatch,nomatch,match,match,match,match,nomatch,match,missing,match,nomatch,match,0.698800791
record_303,b,missing,missing,match,match,missing,match,missing,match,nomatch,missing,missing,missing,match,match,missing,match,match,match,nomatch,0.770875931
record_303,c,missing,match,match,match,match,match,match,match,match,match,match,match,missing,nomatch,match,match,match,match,match,0.554019359
record_303,d,match,match,match,match,match,match,nomatch,missing,match,match,match,match,nomatch,match,nomatch,match,match,nomatch,match,0.652767936
record_303,e,match,match,nomatch,nomatch,match,match,match,nomatch,match,match,nomatch,match,match,nomatch,match,nomatch,match,match,match,0.565594822
record_303,f,missing,nomatch,nomatch,nomatch,match,nomatch,match,match,nomatch,nomatch,nomatch,match,missing,nomatch,match,match,nomatch,match,match,0.60755066
record_303,g,match,matcha,,nomatch,matcha,nomatch,,matcha,nomatch,matcha,,matcha,nomatch,match,,matcha,matcha,nomatch,,0.524840111
record_303,h,match,nomatch,missing,nomatch,nomatch,nomatch,match,nomatch,match,match,nomatch,match,nomatch,match,nomatch,missing,nomatch,match,nomatch,0.68947935
record_304,a,match,match,match,match,nomatch,missing,match,match,match,match,match,nomatch,match,match,match,nomatch,nomatch,match,match,0.623805365
record_304,b,match,match,missing,match,nomatch,match,,match,nomatch,missing,match,match,match,match,match,match,match,match,,0.469409995
record_304,c,match,nomatch,nomatch,match,match,match,match,match,nomatch,match,match,match,match,nomatch,match,nomatch,match,match,nomatch,0.616254992
record_304,d,nomatch,nomatch,match,match,nomatch,match,match,nomatch,match,nomatch,nomatch,match,match,match,match,missing,match,nomatch,nomatch,0.589086727
record_304,e,match,match,match,match,nomatch,match,nomatch,match,match,nomatch,match,match,nomatch,nomatch,nomatch,match,nomatch,match,match,0.712042581
record_304,f,nomatch,match,nomatch,nomatch,match,nomatch,nomatch,match,nomatch,nomatch,nomatch,match,nomatch,nomatch,match,match,match,nomatch,nomatch,0.653514744
record_304,g,matcha,nomatch,,,matcha,matcha,,nomatch,,,,matcha,,nomatch,,match,match,nomatch,,0.556277509
record_304,h,missing,match,nomatch,nomatch,missing,missing,match,nomatch,nomatch,match,nomatch,match,missing,nomatch,nomatch,match,match,nomatch,match,0.470586642
record_305,a,match,,match,match,match,match,match,match,match,match,match,match,match,match,match,nomatch,,,match,0.701579957
record_305,b,missing,match,match,match,missing,,match,match,nomatch,missing,match,match,missing,match,match,match,match,match,match,0.589693241
record_305,c,match,match,match,nomatch,,match,match,match,match,nomatch,match,nomatch,nomatch,match,match,match,match,match,match,0.819834518
record_305,d,match,nomatch,nomatch,nomatch,nomatch,match,match,nomatch,match,missing,nomatch,nomatch,nomatch,match,match,nomatch,match,nomatch,nomatch,0.636496926
record_305,e,nomatch,nomatch,nomatch,nomatch,match,match,match,match,match,match,nomatch,match,match,nomatch,match,match,match,match,nomatch,0.801499503
record_305,f,nomatch,match,nomatch,nomatch,missing,match,match,match,nomatch,nomatch,match,nomatch,match,nomatch,nomatch,nomatch,nomatch,match,match,0.617804269
record_305,g,,match,,,matcha,nomatch,,,,matcha,,nomatch,matcha,nomatch,,match,matcha,match,nomatch,0.610369361
record_305,h,match,match,nomatch,match,nomatch,match,match,match,nomatch,nomatch,nomatch,nomatch,nomatch,match,missing,match,,,match,0.710650264
record_306,a,match,match,match,match,match,match,match,match,missing,match,match,match,,match,match,nomatch,nomatch,nomatch,match,0.681094156
record_306,b,match,nomatch,match,missing,match,match,match,match,nomatch,match,match,missing,match,match,match,match,match,missing,missing,0.723144159
record_306,c,nomatch,match,match,nomatch,match,match,match,match,nomatch,match,nomatch,nomatch,match,match,nomatch,nomatch,match,match,match,0.505751533
record_306,d,nomatch,nomatch,match,match,match,nomatch,nomatch,match,nomatch,nomatch,match,nomatch,match,match,match,match,match,match,nomatch,0.801291007
record_306,e,match,match,match,match,match,match,nomatch,nomatch,nomatch,nomatch,nomatch,match,nomatch,nomatch,nomatch,match,nomatch,match,nomatch,0.601531766
record_306,f,match,match,match,match,nomatch,nomatch,nomatch,nomatch,nomatch,nomatch,match,nomatch,match,match,nomatch,nomatch,nomatch,match,nomatch,0.598292354
record_306,g,nomatch,nomatch,nomatch,matcha,nomatch,nomatch,,matcha,nomatch,nomatch,,nomatch,matcha,nomatch,matcha,match,matcha,matcha,matcha,0.562720136
record_306,h,missing,match,nomatch,nomatch,match,nomatch,match,match,missing,match,nomatch,match,match,match,nomatch,missing,match,match,nomatch,0.453140772
record_307,a,match,match,match,match,match,match,match,missing,match,match,match,match,match,match,match,nomatch,missing,missing,match,0.602803058
record_307,b,match,,missing,match,missing,match,match,match,nomatch,missing,missing,match,,match,nomatch,match,match,missing,nomatch,0.594372619
record_307,c,match,match,match,match,match,match,match,match,match,match,match,match,match,nomatch,missing,match,match,nomatch,nomatch,0.478041637
record_307,d,match,match,nomatch,match,match,match,match,match,match,match,match,match,match,match,match,missing,match,match,match,0.671520543
record_307,e,nomatch,match,match,nomatch,match,nomatch,match,match,match,match,nomatch,nomatch,match,nomatch,match,nomatch,match,nomatch,nomatch,0.606440655
record_307,f,match,match,match,match,nomatch,match,match,nomatch,nomatch,match,match,match,nomatch,nomatch,missing,nomatch,nomatch,nomatch,match,0.609250821
record_307,g,nomatch,matcha,nomatch,,,,matcha,match,,matcha,nomatch,,,nomatch,,match,nomatch,match,matcha,0.568793672
record_307,h,nomatch,missing,missing,nomatch,nomatch,match,nomatch,missing,nomatch,missing,missing,nomatch,nomatch,nomatch,match,nomatch,missing,nomatch,nomatch,0.575159215
record_308,a,match,match,match,match,match,match,missing,nomatch,nomatch,,match,match,match,match,,nomatch,,nomatch,,0.810839986
record_308,b,match,match,nomatch,,missing,missing,match,match,nomatch,match,match,match,match,match,nomatch,missing,match,nomatch,nomatch,0.596770969
record_308,c,match,match,match,match,,match,match,match,match,match,match,match,match,missing,match,match,match,match,missing,0.683614885
record_308,d,missing,match,,nomatch,match,match,match,match,match,nomatch,match,match,nomatch,match,match,match,match,match,match,0.613995139
record_308,e,match,nomatch,match,nomatch,,nomatch,nomatch,nomatch,match,nomatch,match,match,match,missing,match,match,match,nomatch,missing,0.681432997
record_308,f,match,nomatch,nomatch,nomatch,missing,nomatch,nomatch,nomatch,nomatch,match,match,nomatch,match,missing,nomatch,nomatch,nomatch,nomatch,missing,0.73740783
record_308,g,matcha,matcha,matcha,nomatch,matcha,matcha,match,match,matcha,match,nomatch,,,matcha,nomatch,nomatch,match,match,match,0.615017628
record_308,h,nomatch,match,match,match,match,missing,nomatch,missing,missing,match,missing,nomatch,nomatch,nomatch,match,match,match,nomatch,,0.65811213
record_309,a,match,match,match,match,match,missing,nomatch,nomatch,match,match,missing,match,missing,match,match,,,nomatch,,0.625743316
record_309,b,match,match,match,match,missing,missing,match,match,nomatch,missing,missing,missing,match,match,match,match,missing,,missing,0.505319196
record_309,c,match,match,match,missing,match,match,match,match,match,missing,match,match,match,match,match,match,match,match,match,0.570815254
record_309,d,match,missing,nomatch,nomatch,match,match,match,nomatch,match,match,match,match,match,match,nomatch,nomatch,match,match,match,0.581105309
record_309,e,nomatch,nomatch,nomatch,match,nomatch,nomatch,nomatch,match,match,missing,match,match,match,match,nomatch,match,nomatch,nomatch,match,0.632678635
record_309,f,match,match,nomatch,missing,nomatch,match,match,nomatch,nomatch,missing,nomatch,nomatch,nomatch,nomatch,match,nomatch,match,match,nomatch,0.555853894
record_309,g,,,,matcha,nomatch,match,matcha,match,matcha,,nomatch,matcha,match,nomatch,,match,match,matcha,nomatch,0.633219792
record_309,h,missing,nomatch,nomatch,nomatch,missing,nomatch,missing,match,nomatch,match,missing,missing,nomatch,missing,nomatch,,missing,match,match,0.516566637
record_31,a,match,match,match,match,match,match,match,match,match,match,match,match,match,match,match,nomatch,nomatch,nomatch,match,0.569195615
record_31,b,match,match,match,match,match,match,missing,missing,nomatch,match,match,missing,missing,match,missing,match,match,match,missing,0.617441466
record_31,c,match,match,match,missing,match,match,missing,match,match,match,match,match,match,match,match,,match,match,nomatch,0.615573354
record_31,d,match,missing,nomatch,match,match,match,match,nomatch,match,nomatch,match,nomatch,match,match,match,,match,match,match,0.693604688
record_31,e,nomatch,nomatch,nomatch,match,nomatch,nomatch,missing,match,match,match,nomatch,nomatch,match,match,nomatch,,match,match,match,0.578665484
record_31,f,nomatch,nomatch,match,missing,match,nomatch,missing,nomatch,nomatch,match,nomatch,nomatch,match,match,nomatch,,nomatch,match,match,0.590156081
record_31,g,nomatch,,,nomatch,nomatch,matcha,matcha,,,matcha,nomatch,nomatch,,nomatch,nomatch,match,matcha,match,nomatch,0.416088991
record_31,h,nomatch,nomatch,match,nomatch,missing,missing,nomatch,nomatch,match,nomatch,nomatch,nomatch,nomatch,match,missing,match,match,nomatch,missing,0.499698902
record_310,a,match,match,match,match,match,match,match,match,match,match,match,,nomatch,,nomatch,nomatch,nomatch,,missing,0.575036397
record_310,b,match,missing,match,missing,match,match,missing,match,missing,match,match,match,match,match,match,missing,match,match,match,0.426999467
record_310,c,match,match,match,nomatch,match,match,match,match,match,match,nomatch,match,nomatch,match,nomatch,match,match,match,match,0.474509335
record_310,d,match,nomatch,match,match,match,match,nomatch,match,match,nomatch,match,nomatch,match,missing,nomatch,match,match,match,nomatch,0.606015166
record_310,e,match,nomatch,match,nomatch,nomatch,nomatch,nomatch,match,nomatch,match,match,match,nomatch,nomatch,match,nomatch,nomatch,nomatch,nomatch,0.583871659
record_310,f,nomatch,nomatch,match,nomatch,nomatch,nomatch,nomatch,nomatch,nomatch,nomatch,match,match,nomatch,nomatch,match,nomatch,match,match,match,0.614137025
record_310,g,matcha,nomatch,,nomatch,nomatch,matcha,,matcha,nomatch,,matcha,match,match,nomatch,matcha,match,matcha,match,matcha,0.683125185
record_310,h,nomatch,match,missing,nomatch,nomatch,nomatch,nomatch,missing,nomatch,match,nomatch,missing,match,match,missing,match,missing,missing,nomatch,0.523841877
record_311,a,match,match,match,match,match,match,match,match,match,missing,nomatch,match,match,nomatch,match,nomatch,missing,nomatch,nomatch,0.572569648
record_311,b,match,match,match,match,match,match,match,nomatch,nomatch,match,match,match,match,match,missing,missing,match,missing,match,0.536561131
record_311,c,match,match,match,match,match,match,match,match,match,match,match,nomatch,match,match,match,match,missing,match,match,0.563752345
record_311,d,match,match,match,nomatch,match,match,match,nomatch,nomatch,match,nomatch,match,match,match,match,match,match,match,match,0.620199652
record_311,e,nomatch,nomatch,match,nomatch,nomatch,nomatch,nomatch,match,match,nomatch,nomatch,match,match,match,nomatch,match,missing,match,nomatch,0.655513892
record_311,f,nomatch,match,nomatch,nomatch,nomatch,nomatch,nomatch,match,nomatch,nomatch,match,match,match,nomatch,match,nomatch,missing,nomatch,nomatch,0.507996721
record_311,g,matcha,nomatch,nomatch,,,matcha,nomatch,,,match,match,matcha,,match,,nomatch,match,nomatch,matcha,0.616160666
record_311,h,nomatch,nomatch,nomatch,missing,missing,nomatch,nomatch,match,match,missing,match,nomatch,missing,missing,nomatch,missing,nomatch,match,nomatch,0.687443195
record_312,a,match,match,match,match,match,match,match,match,match,match,missing,match,match,match,missing,match,match,match,match,0.599467229
record_312,b,match,missing,match,match,match,match,match,missing,match,match,missing,match,match,match,match,match,match,missing,match,0.628681347
record_312,c,nomatch,missing,missing,match,match,match,match,match,nomatch,match,nomatch,missing,match,match,missing,missing,match,match,match,0.523820985
record_312,d,match,match,match,match,nomatch,match,match,nomatch,match,match,match,match,nomatch,match,match,,nomatch,missing,match,0.617899667
record_312,e,match,match,missing,nomatch,nomatch,nomatch,nomatch,match,nomatch,match,match,missing,match,match,missing,missing,nomatch,nomatch,nomatch,0.597872547
record_312,f,nomatch,missing,missing,match,match,nomatch,nomatch,nomatch,match,match,nomatch,missing,match,match,missing,missing,match,nomatch,match,0.555416201
record_312,g,matcha,,nomatch,matcha,,,,,,,match,,,,matcha,,nomatch,,matcha,0.476340552
record_312,h,nomatch,match,nomatch,nomatch,nomatch,missing,missing,missing,match,missing,missing,missing,nomatch,nomatch,missing,match,nomatch,nomatch,missing,0.730285942
record_313,a,missing,match,nomatch,match,match,match,match,missing,nomatch,match,,nomatch,,match,match,,nomatch,nomatch,match,0.523929868
record_313,b,nomatch,match,match,match,match,missing,match,match,nomatch,missing,match,match,match,match,match,,match,nomatch,match,0.70735338
record_313,c,match,missing,match,match,match,match,missing,match,match,match,missing,match,match,match,match,match,match,match,match,0.66029171
record_313,d,nomatch,match,match,nomatch,nomatch,nomatch,match,match,match,match,nomatch,nomatch,nomatch,,match,match,match,match,match,0.564977433
record_313,e,match,missing,match,match,nomatch,nomatch,match,match,nomatch,nomatch,match,nomatch,nomatch,match,match,match,nomatch,nomatch,nomatch,0.529194632
record_313,f,nomatch,missing,nomatch,match,nomatch,match,missing,nomatch,nomatch,match,missing,nomatch,nomatch,nomatch,match,nomatch,nomatch,nomatch,match,0.683443915
record_313,g,matcha,matcha,match,nomatch,matcha,matcha,nomatch,matcha,matcha,,match,match,match,,,match,match,match,,0.415260816
record_313,h,missing,nomatch,match,match,nomatch,nomatch,nomatch,missing,missing,nomatch,missing,match,,missing,match,match,nomatch,nomatch,match,0.46864079
record_314,a,match,match,match,match,missing,match,match,,match,nomatch,missing,match,match,match,nomatch,nomatch,missing,nomatch,,0.572338994
record_314,b,match,match,match,nomatch,match,match,match,match,nomatch,match,match,match,nomatch,match,nomatch,match,nomatch,missing,match,0.858357964
record_314,c,nomatch,match,missing,match,nomatch,match,match,match,match,missing,match,match,nomatch,match,missing,match,match,match,nomatch,0.500035862
record_314,d,match,match,match,match,match,nomatch,missing,match,nomatch,missing,match,match,nomatch,match,match,match,match,match,match,0.532749031
record_314,e,match,match,match,nomatch,nomatch,nomatch,match,nomatch,nomatch,match,match,match,match,match,match,match,nomatch,nomatch,match,0.722713771
record_314,f,nomatch,nomatch,missing,match,nomatch,nomatch,nomatch,nomatch,match,missing,match,match,nomatch,match,missing,nomatch,match,nomatch,nomatch,0.867208272
record_314,g,matcha,,matcha,matcha,match,,,matcha,matcha,nomatch,matcha,matcha,matcha,,matcha,matcha,nomatch,matcha,nomatch,0.516861231
record_314,h,match,nomatch,match,nomatch,missing,nomatch,nomatch,,nomatch,missing,missing,match,nomatch,nomatch,missing,missing,nomatch,match,match,0.539500706
record_315,a,nomatch,match,match,match,nomatch,match,missing,match,match,match,match,,match,match,match,nomatch,nomatch,nomatch,missing,0.562151039
record_315,b,match,missing,match,match,match,match,,match,missing,match,match,match,match,match,match,match,missing,match,match,0.58116877
record_315,c,match,match,nomatch,nomatch,,match,match,match,match,match,nomatch,match,match,nomatch,match,match,,missing,match,0.601367617
record_315,d,,match,match,match,match,match,nomatch,nomatch,match,nomatch,match,match,nomatch,match,match,nomatch,match,match,match,0.605445357
record_315,e,nomatch,nomatch,nomatch,match,,match,match,match,nomatch,match,nomatch,match,match,match,nomatch,match,,match,nomatch,0.650920323
record_315,f,nomatch,nomatch,nomatch,match,,match,nomatch,match,match,match,nomatch,match,nomatch,nomatch,match,match,,missing,nomatch,0.576833993
record_315,g,matcha,nomatch,,,nomatch,nomatch,match,matcha,nomatch,nomatch,nomatch,matcha,,,,match,match,nomatch,matcha,0.621437168
record_315,h,match,missing,nomatch,missing,match,missing,missing,nomatch,match,missing,missing,,nomatch,match,nomatch,match,missing,missing,nomatch,0.615821375
record_316,a,nomatch,match,match,match,match,match,match,match,nomatch,match,match,match,match,match,nomatch,nomatch,nomatch,nomatch,match,0.849780553
record_316,b,match,match,match,match,match,match,nomatch,match,nomatch,missing,match,match,missing,missing,missing,match,missing,match,match,0.527954855
record_316,c,match,match,match,missing,match,match,match,missing,nomatch,match,match,nomatch,match,nomatch,match,match,match,missing,nomatch,0.501284269
record_316,d,nomatch,nomatch,missing,match,match,nomatch,match,nomatch,match,nomatch,nomatch,match,missing,match,nomatch,nomatch,nomatch,match,nomatch,0.548524923
record_316,e,match,match,nomatch,missing,nomatch,match,match,missing,nomatch,nomatch,match,nomatch,nomatch,nomatch,match,match,match,match,nomatch,0.603713305
record_316,f,match,match,match,missing,nomatch,match,match,missing,nomatch,match,match,nomatch,match,match,match,nomatch,match,missing,nomatch,0.479880035
record_316,g,nomatch,nomatch,,,,,nomatch,,match,matcha,,matcha,matcha,,match,nomatch,match,nomatch,matcha,0.470887487
record_316,h,missing,missing,match,nomatch,match,nomatch,missing,match,nomatch,nomatch,nomatch,nomatch,nomatch,missing,missing,missing,missing,match,nomatch,0.638754561
record_317,a,match,match,match,match,match,match,nomatch,match,match,match,match,match,nomatch,match,match,nomatch,nomatch,nomatch,match,0.636034203
record_317,b,,match,match,match,match,match,match,match,nomatch,missing,missing,match,match,match,match,missing,match,nomatch,missing,0.705974783
record_317,c,match,missing,nomatch,nomatch,match,match,match,match,match,match,match,match,match,match,missing,match,match,match,missing,0.725782882
record_317,d,match,match,match,nomatch,match,nomatch,nomatch,match,match,nomatch,missing,match,nomatch,match,match,nomatch,match,nomatch,match,0.586725594
record_317,e,match,missing,nomatch,nomatch,match,match,match,match,nomatch,nomatch,match,nomatch,match,nomatch,missing,match,nomatch,match,missing,0.802670531
record_317,f,match,missing,match,nomatch,match,match,match,match,nomatch,nomatch,match,nomatch,nomatch,nomatch,missing,nomatch,nomatch,match,missing,0.693400765
record_317,g,matcha,matcha,matcha,matcha,,matcha,matcha,matcha,nomatch,,nomatch,,match,matcha,,nomatch,match,nomatch,,0.765217203
record_317,h,missing,missing,missing,missing,match,nomatch,missing,nomatch,nomatch,nomatch,nomatch,match,match,nomatch,match,match,match,match,nomatch,0.677652916
record_318,a,missing,match,match,nomatch,nomatch,match,match,match,nomatch,match,nomatch,match,match,nomatch,match,missing,,nomatch,match,0.614525039
record_318,b,match,match,match,nomatch,missing,match,match,match,nomatch,missing,missing,match,match,missing,nomatch,missing,match,match,match,0.380430923
record_318,c,match,match,missing,match,match,match,match,match,missing,match,match,match,missing,match,match,nomatch,match,match,missing,0.774770093
record_318,d,nomatch,match,match,nomatch,nomatch,match,match,match,match,match,match,nomatch,nomatch,,match,match,match,nomatch,match,0.498954809
record_318,e,match,nomatch,missing,nomatch,match,nomatch,match,match,missing,nomatch,nomatch,nomatch,match,nomatch,nomatch,nomatch,nomatch,nomatch,match,0.717773478
record_318,f,nomatch,nomatch,missing,match,match,nomatch,match,nomatch,missing,nomatch,match,nomatch,missing,match,match,nomatch,nomatch,match,missing,0.685567815
record_318,g,matcha,,,matcha,match,matcha,matcha,matcha,matcha,,match,,nomatch,match,,matcha,matcha,matcha,,0.776611179
record_318,h,missing,nomatch,nomatch,match,match,nomatch,missing,missing,match,missing,nomatch,match,missing,match,missing,nomatch,missing,missing,match,0.691758355
record_319,a,,match,match,nomatch,match,match,match,match,nomatch,match,match,match,match,match,match,nomatch,missing,,match,0.397716603
record_319,b,missing,match,match,match,match,match,missing,match,missing,match,match,match,match,missing,missing,match,missing,match,match,0.607726452
record_319,c,match,match,match,nomatch,match,match,match,match,match,missing,match,match,nomatch,match,match,match,match,match,match,0.598253593
record_319,d,nomatch,nomatch,nomatch,nomatch,nomatch,match,match,missing,match,nomatch,nomatch,nomatch,match,match,nomatch,match,match,match,match,0.455881923
record_319,e,match,nomatch,nomatch,match,match,nomatch,nomatch,nomatch,nomatch,match,nomatch,nomatch,nomatch,nomatch,nomatch,match,match,nomatch,match,0.711730892
record_319,f,match,match,match,nomatch,match,nomatch,nomatch,match,nomatch,missing,match,nomatch,nomatch,match,nomatch,match,nomatch,nomatch,nomatch,0.593672956
record_319,g,matcha,nomatch,matcha,match,,nomatch,nomatch,,nomatch,,nomatch,,nomatch,,nomatch,matcha,nomatch,matcha,matcha,0.609050881
record_319,h,match,match,nomatch,match,nomatch,missing,nomatch,match,match,missing,nomatch,nomatch,match,nomatch,nomatch,missing,nomatch,missing,match,0.668959007
record_32,a,match,match,match,nomatch,match,match,match,nomatch,match,match,match,nomatch,match,match,match,nomatch,missing,nomatch,match,0.768159728
record_32,b,match,nomatch,match,match,match,missing,match,match,nomatch,match,match,match,match,match,match,missing,match,match,match,0.537987994
record_32,c,match,match,match,match,match,match,match,match,missing,match,match,match,match,nomatch,match,match,match,match,nomatch,0.534634213
record_32,d,match,match,match,missing,match,match,match,nomatch,match,nomatch,match,match,match,match,nomatch,match,match,match,match,0.81830352
record_32,e,match,match,match,match,nomatch,nomatch,match,nomatch,missing,nomatch,nomatch,nomatch,nomatch,nomatch,match,match,match,match,nomatch,0.696337759
record_32,f,match,nomatch,match,nomatch,nomatch,nomatch,match,nomatch,missing,nomatch,match,match,nomatch,match,match,match,match,match,match,0.726194977
record_32,g,nomatch,,matcha,match,,nomatch,,matcha,,,,match,,matcha,,match,match,match,,0.594121094
record_32,h,missing,nomatch,match,missing,nomatch,match,nomatch,match,missing,match,match,match,nomatch,match,nomatch,missing,missing,missing,match,0.719352699
record_320,a,,match,match,match,match,match,match,match,match,match,match,nomatch,match,nomatch,match,nomatch,nomatch,nomatch,nomatch,0.655505619
record_320,b,match,missing,match,missing,match,missing,missing,match,nomatch,missing,match,match,match,nomatch,match,match,nomatch,match,match,0.659643667
record_320,c,match,nomatch,match,match,match,match,missing,match,match,match,match,nomatch,match,match,match,match,match,match,match,0.61068966
record_320,d,match,match,nomatch,match,match,nomatch,match,match,match,match,missing,match,match,match,match,missing,match,match,nomatch,0.683392138
record_320,e,nomatch,nomatch,match,nomatch,match,match,missing,nomatch,match,match,match,match,nomatch,match,nomatch,nomatch,nomatch,nomatch,nomatch,0.585314448
record_320,f,nomatch,nomatch,nomatch,match,match,match,missing,match,match,match,nomatch,match,nomatch,nomatch,nomatch,match,nomatch,nomatch,nomatch,0.71586926
record_320,g,match,,,,,nomatch,nomatch,nomatch,matcha,matcha,nomatch,nomatch,,match,nomatch,matcha,matcha,match,match,0.584052578
record_320,h,missing,nomatch,nomatch,match,match,match,missing,nomatch,nomatch,nomatch,nomatch,match,missing,missing,nomatch,match,missing,match,nomatch,0.543642075
record_321,a,,match,,nomatch,match,nomatch,match,nomatch,match,match,match,match,,match,match,nomatch,nomatch,nomatch,,0.57765653
record_321,b,match,match,match,match,match,,missing,match,nomatch,missing,missing,match,missing,match,missing,missing,match,match,match,0.805448385
record_321,c,match,match,nomatch,match,match,,match,match,match,match,match,missing,match,missing,match,match,match,match,match,0.526476042
record_321,d,match,nomatch,match,,match,nomatch,match,nomatch,nomatch,match,match,match,nomatch,match,nomatch,match,match,nomatch,match,0.694216227
record_321,e,match,match,nomatch,nomatch,match,match,nomatch,match,match,match,match,missing,match,missing,match,match,nomatch,nomatch,match,0.679698006
record_321,f,nomatch,nomatch,nomatch,match,nomatch,missing,nomatch,match,nomatch,nomatch,match,missing,match,missing,nomatch,nomatch,nomatch,nomatch,nomatch,0.670111875
record_321,g,match,nomatch,match,matcha,nomatch,matcha,matcha,matcha,nomatch,,,,match,nomatch,matcha,matcha,match,match,nomatch,0.447559066
record_321,h,match,missing,match,match,nomatch,match,nomatch,match,match,missing,match,nomatch,missing,missing,missing,nomatch,missing,match,missing,0.472951979
record_322,a,,nomatch,match,match,match,match,match,match,match,match,match,match,match,match,match,nomatch,nomatch,nomatch,match,0.483841053
record_322,b,match,missing,match,match,match,match,match,match,match,missing,match,match,,match,nomatch,missing,match,match,match,0.604684988
record_322,c,match,nomatch,match,match,missing,match,match,match,match,nomatch,match,missing,match,match,nomatch,match,match,nomatch,match,0.599112404
record_322,d,nomatch,nomatch,match,nomatch,match,match,match,match,match,match,match,match,nomatch,match,match,match,nomatch,match,match,0.687155957
record_322,e,nomatch,nomatch,match,nomatch,match,match,nomatch,nomatch,match,nomatch,match,match,match,nomatch,match,nomatch,match,nomatch,match,0.482049382
record_322,f,nomatch,nomatch,match,match,missing,nomatch,nomatch,match,nomatch,nomatch,nomatch,missing,nomatch,match,match,match,match,nomatch,nomatch,0.62753298
record_322,g,match,nomatch,,matcha,matcha,,,nomatch,matcha,,nomatch,,,matcha,,match,matcha,matcha,,0.506179873
record_322,h,missing,missing,match,match,nomatch,nomatch,nomatch,missing,nomatch,match,missing,missing,nomatch,nomatch,nomatch,match,match,missing,nomatch,0.503877584